group,slug,url,page_title,median_pay,education,experience,training,jobs_2025,growth,change,openings_per_year,all_occ_median_wage,all_occ_growth_pct,page_last_modified,median_pay_usd,growth_pct,jobs_2025_n,employment_change_n,openings_per_year_n,all_occ_median_wage_usd,all_occ_growth_pct_n,education_clean,education_level,openings_rate_pct,growth_jobs_per_year,replacement_share,pay_vs_national,above_median_pay
personal-care-and-service,gaming-services-occupations,https://www.bls.gov/ooh/personal-care-and-service/gaming-services-occupations.htm,Gambling Services Workers,"$37,460     per year
                                        $18.01     per hour",High school diploma or equivalent,See How to Become One,See How to Become One,146500,3% (As fast as average),5000,20200,"$50,980",3%,"August 27, 2026",37460,3,146500,5000,20200,50980,3,High school diploma or equivalent,High school diploma or equivalent,13.788395904436861,500,0.9752475247524752,-13520,FALSE
arts-and-design,multimedia-artists-and-animators,https://www.bls.gov/ooh/arts-and-design/multimedia-artists-and-animators.htm,Special Effects Artists and Animators,"$102,030     per year
                                        $49.06     per hour",Bachelor's degree,None,None,51900,0% (Little or no change),-100,4200,"$50,980",3%,"August 27, 2026",102030,0,51900,-100,4200,50980,3,Bachelor's degree,Bachelor's degree,8.092485549132949,-10,1,51050,TRUE
education-training-and-library,kindergarten-and-elementary-school-teachers,https://www.bls.gov/ooh/education-training-and-library/kindergarten-and-elementary-school-teachers.htm,Kindergarten and Elementary School Teachers,"$63,820     per year",Bachelor's degree,None,None,1530500,0% (Little or no change),-6100,99400,"$50,980",3%,"August 27, 2026",63820,0,1530500,-6100,99400,50980,3,Bachelor's degree,Bachelor's degree,6.494609604704345,-610,1,12840,TRUE
office-and-administrative-support,police-fire-and-ambulance-dispatchers,https://www.bls.gov/ooh/office-and-administrative-support/police-fire-and-ambulance-dispatchers.htm,Public Safety Telecommunicators,"$53,040     per year
                                        $25.50     per hour",High school diploma or equivalent,None,Moderate-term on-the-job training,105600,4% (As fast as average),3900,9000,"$50,980",3%,"August 27, 2026",53040,4,105600,3900,9000,50980,3,High school diploma or equivalent,High school diploma or equivalent,8.522727272727273,390,0.9566666666666667,2060,TRUE
installation-maintenance-and-repair,aircraft-and-avionics-equipment-mechanics-and-technicians,https://www.bls.gov/ooh/installation-maintenance-and-repair/aircraft-and-avionics-equipment-mechanics-and-technicians.htm,Aircraft and Avionics Equipment Mechanics and Technicians,"$80,180     per year
                                        $38.55     per hour",Postsecondary nondegree award,None,None,159800,6% (Faster than average),9400,13100,"$50,980",3%,"August 27, 2026",80180,6,159800,9400,13100,50980,3,Postsecondary nondegree award,Postsecondary nondegree award,8.197747183979976,940,0.9282442748091603,29200,TRUE
transportation-and-material-moving,water-transportation-occupations,https://www.bls.gov/ooh/transportation-and-material-moving/water-transportation-occupations.htm,Water Transportation Workers,"$71,860     per year
                                        $34.55     per hour",See How to Become One,See How to Become One,See How to Become One,85900,4% (As fast as average),3100,8600,"$50,980",3%,"August 27, 2026",71860,4,85900,3100,8600,50980,3,See How to Become One,NA,10.011641443538998,310,0.963953488372093,20880,TRUE
architecture-and-engineering,chemical-engineers,https://www.bls.gov/ooh/architecture-and-engineering/chemical-engineers.htm,Chemical Engineers,"$125,040     per year
                                        $60.12     per hour",Bachelor's degree,None,None,21900,5% (Faster than average),1000,1100,"$50,980",3%,"August 27, 2026",125040,5,21900,1000,1100,50980,3,Bachelor's degree,Bachelor's degree,5.0228310502283104,100,0.9090909090909091,74060,TRUE
installation-maintenance-and-repair,electrical-and-electronics-installers-and-repairers,https://www.bls.gov/ooh/installation-maintenance-and-repair/electrical-and-electronics-installers-and-repairers.htm,Electrical and Electronics Installers and Repairers,"$74,490     per year
                                        $35.81     per hour",See How to Become One,See How to Become One,See How to Become One,117700,2% (Slower than average),2000,8900,"$50,980",3%,"August 27, 2026",74490,2,117700,2000,8900,50980,3,See How to Become One,NA,7.56159728122345,200,0.9775280898876404,23510,TRUE
entertainment-and-sports,musicians-and-singers,https://www.bls.gov/ooh/entertainment-and-sports/musicians-and-singers.htm,Musicians and Singers,$47.80     per hour,No formal educational credential,None,Long-term on-the-job training,170400,0% (Little or no change),600,17400,NA,3%,"August 27, 2026",99424,0,170400,600,17400,50980,3,No formal educational credential,No formal educational credential,10.211267605633802,60,0.996551724137931,48444,TRUE
business-and-financial,accountants-and-auditors,https://www.bls.gov/ooh/business-and-financial/accountants-and-auditors.htm,Accountants and Auditors,"$83,680     per year
                                        $40.23     per hour",Bachelor's degree,None,None,1595200,5% (Faster than average),79400,115300,"$50,980",3%,"August 27, 2026",83680,5,1595200,79400,115300,50980,3,Bachelor's degree,Bachelor's degree,7.2279338014042125,7940,0.9311361665221162,32700,TRUE
education-training-and-library,postsecondary-teachers,https://www.bls.gov/ooh/education-training-and-library/postsecondary-teachers.htm,Postsecondary Teachers,"$85,330     per year",See How to Become One,See How to Become One,None,1378200,7% (Much faster than average),98200,103300,"$50,980",3%,"August 27, 2026",85330,7,1378200,98200,103300,50980,3,See How to Become One,NA,7.495283703381222,9820,0.9049370764762826,34350,TRUE
office-and-administrative-support,bill-and-account-collectors,https://www.bls.gov/ooh/office-and-administrative-support/bill-and-account-collectors.htm,Bill and Account Collectors,"$47,030     per year
                                        $22.61     per hour",High school diploma or equivalent,None,Moderate-term on-the-job training,160200,-10% (Decline),-16700,11200,"$50,980",3%,"August 27, 2026",47030,-10,160200,-16700,11200,50980,3,High school diploma or equivalent,High school diploma or equivalent,6.991260923845194,-1670,1,-3950,FALSE
office-and-administrative-support,bookkeeping-accounting-and-auditing-clerks,https://www.bls.gov/ooh/office-and-administrative-support/bookkeeping-accounting-and-auditing-clerks.htm,"Bookkeeping, Accounting, and Auditing Clerks","$50,670     per year
                                        $24.36     per hour","Some college, no degree",None,Moderate-term on-the-job training,1532400,-6% (Decline),-85600,144100,"$50,980",3%,"August 27, 2026",50670,-6,1532400,-85600,144100,50980,3,"Some college, no degree","Some college, no degree",9.403549986948578,-8560,1,-310,FALSE
office-and-administrative-support,secretaries-and-administrative-assistants,https://www.bls.gov/ooh/office-and-administrative-support/secretaries-and-administrative-assistants.htm,Secretaries and Administrative Assistants,"$48,310     per year
                                        $23.23     per hour",High school diploma or equivalent,See How to Become One,See How to Become One,3515600,-2% (Decline),-75300,314400,"$50,980",3%,"August 27, 2026",48310,-2,3515600,-75300,314400,50980,3,High school diploma or equivalent,High school diploma or equivalent,8.942996927978154,-7530,1,-2670,FALSE
construction-and-extraction,drywall-and-ceiling-tile-installers-and-tapers,https://www.bls.gov/ooh/construction-and-extraction/drywall-and-ceiling-tile-installers-and-tapers.htm,"Drywall Installers, Ceiling Tile Installers, and Tapers","$59,780     per year
                                        $28.74     per hour",No formal educational credential,None,Moderate-term on-the-job training,118000,2% (Slower than average),2300,7600,"$50,980",3%,"August 27, 2026",59780,2,118000,2300,7600,50980,3,No formal educational credential,No formal educational credential,6.440677966101695,230,0.9697368421052631,8800,TRUE
education-training-and-library,librarians,https://www.bls.gov/ooh/education-training-and-library/librarians.htm,Librarians and Library Media Specialists,"$68,270     per year
                                        $32.82     per hour",Master's degree,None,None,142300,3% (As fast as average),3600,12600,"$50,980",3%,"August 27, 2026",68270,3,142300,3600,12600,50980,3,Master's degree,Master's degree,8.854532677442023,360,0.9714285714285714,17290,TRUE
personal-care-and-service,concierges,https://www.bls.gov/ooh/personal-care-and-service/concierges.htm,Concierges,"$38,950     per year
                                        $18.73     per hour",High school diploma or equivalent,None,Moderate-term on-the-job training,50200,3% (As fast as average),1300,6900,"$50,980",3%,"August 27, 2026",38950,3,50200,1300,6900,50980,3,High school diploma or equivalent,High school diploma or equivalent,13.745019920318725,130,0.981159420289855,-12030,FALSE
entertainment-and-sports,actors,https://www.bls.gov/ooh/entertainment-and-sports/actors.htm,Actors,$29.05     per hour,"Some college, no degree",None,Long-term on-the-job training,67500,0% (Little or no change),0,6300,NA,3%,"August 27, 2026",60424,0,67500,0,6300,50980,3,"Some college, no degree","Some college, no degree",9.333333333333334,0,1,9444,TRUE
math,actuaries,https://www.bls.gov/ooh/math/actuaries.htm,Actuaries,"$130,000     per year
                                        $62.50     per hour",Bachelor's degree,None,Long-term on-the-job training,31200,9% (Much faster than average),2900,1500,"$50,980",3%,"August 27, 2026",130000,9,31200,2900,1500,50980,3,Bachelor's degree,Bachelor's degree,4.8076923076923075,290,0.8066666666666666,79020,TRUE
healthcare,nurse-anesthetists-nurse-midwives-and-nurse-practitioners,https://www.bls.gov/ooh/healthcare/nurse-anesthetists-nurse-midwives-and-nurse-practitioners.htm,"Nurse Anesthetists, Nurse Midwives, and Nurse Practitioners","$134,920     per year
                                        $64.87     per hour",Master's degree,None,None,399000,36% (Much faster than average),144000,32200,"$50,980",3%,"August 27, 2026",134920,36,399000,144000,32200,50980,3,Master's degree,Master's degree,8.070175438596491,14400,0.5527950310559007,83940,TRUE
community-and-social-service,substance-abuse-behavioral-disorder-and-mental-health-counselors,https://www.bls.gov/ooh/community-and-social-service/substance-abuse-behavioral-disorder-and-mental-health-counselors.htm,"Substance Abuse, Behavioral Disorder, and Mental Health Counselors","$59,350     per year
                                        $28.53     per hour",Master's degree,None,Internship/residency,533400,18% (Much faster than average),98000,50500,"$50,980",3%,"August 27, 2026",59350,18,533400,98000,50500,50980,3,Master's degree,Master's degree,9.467566554180728,9800,0.805940594059406,8370,TRUE
healthcare,physicians-and-surgeons,https://www.bls.gov/ooh/healthcare/physicians-and-surgeons.htm,Physicians and Surgeons,"$275,930     per year
                                        $132.66     per hour",Doctoral or professional degree,None,Internship/residency,862800,4% (As fast as average),31300,22100,"$50,980",3%,"August 27, 2026",275930,4,862800,31300,22100,50980,3,Doctoral or professional degree,Doctoral or professional degree,2.561427909133055,3130,0.858371040723982,224950,TRUE
community-and-social-service,social-and-human-service-assistants,https://www.bls.gov/ooh/community-and-social-service/social-and-human-service-assistants.htm,Social and Human Service Assistants,"$45,930     per year
                                        $22.08     per hour",High school diploma or equivalent,None,Short-term on-the-job training,463400,7% (Much faster than average),34200,48900,"$50,980",3%,"August 27, 2026",45930,7,463400,34200,48900,50980,3,High school diploma or equivalent,High school diploma or equivalent,10.552438498057834,3420,0.9300613496932515,-5050,FALSE
office-and-administrative-support,general-office-clerks,https://www.bls.gov/ooh/office-and-administrative-support/general-office-clerks.htm,General Office Clerks,"$45,010     per year
                                        $21.64     per hour",High school diploma or equivalent,None,Short-term on-the-job training,2600000,-6% (Decline),-156200,249000,NA,3%,"August 27, 2026",45010,-6,2600000,-156200,249000,50980,3,High school diploma or equivalent,High school diploma or equivalent,9.576923076923077,-15620,1,-5970,FALSE
legal,judges-and-hearing-officers,https://www.bls.gov/ooh/legal/judges-and-hearing-officers.htm,Judges and Hearing Officers,"$132,800     per year
                                        $63.85     per hour",Doctoral or professional degree,5 years or more,Short-term on-the-job training,42700,2% (Slower than average),700,1300,"$50,980",3%,"August 27, 2026",132800,2,42700,700,1300,50980,3,Doctoral or professional degree,Doctoral or professional degree,3.0444964871194378,70,0.9461538461538461,81820,TRUE
management,administrative-services-managers,https://www.bls.gov/ooh/management/administrative-services-managers.htm,Administrative Services and Facilities Managers,"$110,500     per year
                                        $53.13     per hour",Bachelor's degree,Less than 5 years,None,444800,5% (Faster than average),22000,36100,"$50,980",3%,"August 27, 2026",110500,5,444800,22000,36100,50980,3,Bachelor's degree,Bachelor's degree,8.116007194244604,2200,0.9390581717451524,59520,TRUE
management,top-executives,https://www.bls.gov/ooh/management/top-executives.htm,Top Executives,"$108,780     per year
                                        $52.30     per hour",Bachelor's degree,5 years or more,None,3890600,5% (Faster than average),190600,304100,"$50,980",3%,"August 27, 2026",108780,5,3890600,190600,304100,50980,3,Bachelor's degree,Bachelor's degree,7.816275124659436,19060,0.9373232489312726,57800,TRUE
community-and-social-service,school-and-career-counselors,https://www.bls.gov/ooh/community-and-social-service/school-and-career-counselors.htm,School and Career Counselors and Advisors,"$64,330     per year
                                        $30.93     per hour",Master's degree,None,None,389500,3% (As fast as average),11400,27800,"$50,980",3%,"August 27, 2026",64330,3,389500,11400,27800,50980,3,Master's degree,Master's degree,7.137355584082156,1140,0.9589928057553957,13350,TRUE
office-and-administrative-support,information-clerks,https://www.bls.gov/ooh/office-and-administrative-support/information-clerks.htm,Information Clerks,"$45,430     per year
                                        $21.84     per hour",See How to Become One,None,See How to Become One,1287600,-2% (Decline),-30100,125600,"$50,980",3%,"August 27, 2026",45430,-2,1287600,-30100,125600,50980,3,See How to Become One,NA,9.754582168375272,-3010,1,-5550,FALSE
construction-and-extraction,brickmasons-blockmasons-and-stonemasons,https://www.bls.gov/ooh/construction-and-extraction/brickmasons-blockmasons-and-stonemasons.htm,Masonry Workers,"$58,270     per year
                                        $28.02     per hour",See How to Become One,None,See How to Become One,277700,1% (Slower than average),3300,18400,"$50,980",3%,"August 27, 2026",58270,1,277700,3300,18400,50980,3,See How to Become One,NA,6.625855239467051,330,0.9820652173913044,7290,TRUE
construction-and-extraction,construction-laborers-and-helpers,https://www.bls.gov/ooh/construction-and-extraction/construction-laborers-and-helpers.htm,Construction Laborers and Helpers,"$46,680     per year
                                        $22.44     per hour",See How to Become One,None,Short-term on-the-job training,1674400,6% (Faster than average),108600,137000,"$50,980",3%,"August 27, 2026",46680,6,1674400,108600,137000,50980,3,See How to Become One,NA,8.182035355948399,10860,0.9207299270072993,-4300,FALSE
education-training-and-library,adult-literacy-and-ged-teachers,https://www.bls.gov/ooh/education-training-and-library/adult-literacy-and-ged-teachers.htm,Adult Basic and Secondary Education and ESL Teachers,"$61,540     per year
                                        $29.59     per hour",Bachelor's degree,None,None,41100,-14% (Decline),-5700,3800,"$50,980",3%,"August 27, 2026",61540,-14,41100,-5700,3800,50980,3,Bachelor's degree,Bachelor's degree,9.245742092457421,-570,1,10560,TRUE
education-training-and-library,teacher-assistants,https://www.bls.gov/ooh/education-training-and-library/teacher-assistants.htm,Teacher Assistants,"$36,780     per year","Some college, no degree",None,None,1463000,0% (Little or no change),-4900,176200,"$50,980",3%,"August 27, 2026",36780,0,1463000,-4900,176200,50980,3,"Some college, no degree","Some college, no degree",12.043745727956255,-490,1,-14200,FALSE
community-and-social-service,social-workers,https://www.bls.gov/ooh/community-and-social-service/social-workers.htm,Social Workers,"$61,780     per year
                                        $29.70     per hour",See How to Become One,None,See How to Become One,816100,6% (Faster than average),50400,69100,"$50,980",3%,"August 27, 2026",61780,6,816100,50400,69100,50980,3,See How to Become One,NA,8.467099620144591,5040,0.9270622286541245,10800,TRUE
management,advertising-promotions-and-marketing-managers,https://www.bls.gov/ooh/management/advertising-promotions-and-marketing-managers.htm,"Advertising, Promotions, and Marketing Managers","$165,780     per year
                                        $79.70     per hour",Bachelor's degree,See How to Become One,None,454800,6% (Faster than average),27900,36300,"$50,980",3%,"August 27, 2026",165780,6,454800,27900,36300,50980,3,Bachelor's degree,Bachelor's degree,7.981530343007916,2790,0.9231404958677686,114800,TRUE
sales,advertising-sales-agents,https://www.bls.gov/ooh/sales/advertising-sales-agents.htm,Advertising Sales Agents,"$64,820     per year
                                        $31.16     per hour",High school diploma or equivalent,None,Moderate-term on-the-job training,99300,-7% (Decline),-7100,7800,"$50,980",3%,"August 27, 2026",64820,-7,99300,-7100,7800,50980,3,High school diploma or equivalent,High school diploma or equivalent,7.854984894259819,-710,1,13840,TRUE
business-and-financial,market-research-analysts,https://www.bls.gov/ooh/business-and-financial/market-research-analysts.htm,Market Research Analysts,"$78,760     per year
                                        $37.87     per hour",Bachelor's degree,None,None,952700,7% (Much faster than average),66300,82000,"$50,980",3%,"August 27, 2026",78760,7,952700,66300,82000,50980,3,Bachelor's degree,Bachelor's degree,8.607116615933663,6630,0.9191463414634147,27780,TRUE
media-and-communication,writers-and-authors,https://www.bls.gov/ooh/media-and-communication/writers-and-authors.htm,Writers and Authors,"$76,910     per year
                                        $36.98     per hour",Bachelor's degree,None,Long-term on-the-job training,140300,0% (Little or no change),-500,11900,"$50,980",3%,"August 27, 2026",76910,0,140300,-500,11900,50980,3,Bachelor's degree,Bachelor's degree,8.481824661439772,-50,1,25930,TRUE
media-and-communication,editors,https://www.bls.gov/ooh/media-and-communication/editors.htm,Editors,"$77,920     per year
                                        $37.46     per hour",Bachelor's degree,Less than 5 years,None,105000,-1% (Decline),-1100,7900,"$50,980",3%,"August 27, 2026",77920,-1,105000,-1100,7900,50980,3,Bachelor's degree,Bachelor's degree,7.523809523809524,-110,1,26940,TRUE
media-and-communication,photographers,https://www.bls.gov/ooh/media-and-communication/photographers.htm,Photographers,"$44,660     per year
                                        $21.47     per hour",High school diploma or equivalent,None,Moderate-term on-the-job training,145000,-1% (Decline),-1000,10700,NA,3%,"August 27, 2026",44660,-1,145000,-1000,10700,50980,3,High school diploma or equivalent,High school diploma or equivalent,7.379310344827586,-100,1,-6320,FALSE
transportation-and-material-moving,airline-and-commercial-pilots,https://www.bls.gov/ooh/transportation-and-material-moving/airline-and-commercial-pilots.htm,Airline and Commercial Pilots,"$210,020     per year",See How to Become One,See How to Become One,Moderate-term on-the-job training,154900,7% (Much faster than average),11300,16400,"$50,980",3%,"August 27, 2026",210020,7,154900,11300,16400,50980,3,See How to Become One,NA,10.587475790832796,1130,0.9310975609756098,159040,TRUE
personal-care-and-service,fitness-trainers-and-instructors,https://www.bls.gov/ooh/personal-care-and-service/fitness-trainers-and-instructors.htm,Fitness Trainers and Instructors,"$47,160     per year
                                        $22.67     per hour",High school diploma or equivalent,None,Short-term on-the-job training,388400,7% (Much faster than average),28500,68000,"$50,980",3%,"August 27, 2026",47160,7,388400,28500,68000,50980,3,High school diploma or equivalent,High school diploma or equivalent,17.507723995880536,2850,0.9580882352941177,-3820,FALSE
architecture-and-engineering,aerospace-engineers,https://www.bls.gov/ooh/architecture-and-engineering/aerospace-engineers.htm,Aerospace Engineers,"$134,960     per year
                                        $64.89     per hour",Bachelor's degree,None,None,68700,8% (Much faster than average),5700,3800,"$50,980",3%,"August 27, 2026",134960,8,68700,5700,3800,50980,3,Bachelor's degree,Bachelor's degree,5.531295487627365,570,0.85,83980,TRUE
architecture-and-engineering,drafters,https://www.bls.gov/ooh/architecture-and-engineering/drafters.htm,Drafters,"$68,090     per year
                                        $32.74     per hour",Associate's degree,None,None,180200,1% (Slower than average),1100,14400,"$50,980",3%,"August 27, 2026",68090,1,180200,1100,14400,50980,3,Associate's degree,Associate's degree,7.991120976692564,110,0.9923611111111111,17110,TRUE
architecture-and-engineering,aerospace-engineering-and-operations-technicians,https://www.bls.gov/ooh/architecture-and-engineering/aerospace-engineering-and-operations-technicians.htm,Aerospace Engineering and Operations Technologists and Technicians,"$82,890     per year
                                        $39.85     per hour",Associate's degree,None,None,11600,12% (Much faster than average),1400,1100,"$50,980",3%,"August 27, 2026",82890,12,11600,1400,1100,50980,3,Associate's degree,Associate's degree,9.482758620689655,140,0.8727272727272728,31910,TRUE
sales,sales-engineers,https://www.bls.gov/ooh/sales/sales-engineers.htm,Sales Engineers,"$124,900     per year
                                        $60.05     per hour",Bachelor's degree,None,Moderate-term on-the-job training,51600,3% (As fast as average),1400,3800,"$50,980",3%,"August 27, 2026",124900,3,51600,1400,3800,50980,3,Bachelor's degree,Bachelor's degree,7.364341085271318,140,0.9631578947368421,73920,TRUE
legal,lawyers,https://www.bls.gov/ooh/legal/lawyers.htm,Lawyers,"$159,670     per year
                                        $76.76     per hour",Doctoral or professional degree,None,None,863700,5% (Faster than average),40600,28700,"$50,980",3%,"August 27, 2026",159670,5,863700,40600,28700,50980,3,Doctoral or professional degree,Doctoral or professional degree,3.322913048512215,4060,0.8585365853658536,108690,TRUE
life-physical-and-social-science,agricultural-and-food-science-technicians,https://www.bls.gov/ooh/life-physical-and-social-science/agricultural-and-food-science-technicians.htm,Agricultural and Food Science Technicians,"$51,160     per year
                                        $24.60     per hour",Associate's degree,None,Moderate-term on-the-job training,40400,5% (Faster than average),2100,5900,"$50,980",3%,"August 27, 2026",51160,5,40400,2100,5900,50980,3,Associate's degree,Associate's degree,14.603960396039604,210,0.964406779661017,180,TRUE
life-physical-and-social-science,agricultural-and-food-scientists,https://www.bls.gov/ooh/life-physical-and-social-science/agricultural-and-food-scientists.htm,Agricultural and Food Scientists,"$81,970     per year
                                        $39.41     per hour",Bachelor's degree,None,None,37400,6% (Faster than average),2400,2700,"$50,980",3%,"August 27, 2026",81970,6,37400,2400,2700,50980,3,Bachelor's degree,Bachelor's degree,7.219251336898396,240,0.9111111111111111,30990,TRUE
life-physical-and-social-science,chemists-and-materials-scientists,https://www.bls.gov/ooh/life-physical-and-social-science/chemists-and-materials-scientists.htm,Chemists and Materials Scientists,"$95,060     per year
                                        $45.70     per hour",Bachelor's degree,None,None,93500,7% (Much faster than average),6200,6500,"$50,980",3%,"August 27, 2026",95060,7,93500,6200,6500,50980,3,Bachelor's degree,Bachelor's degree,6.951871657754011,620,0.9046153846153846,44080,TRUE
management,farmers-ranchers-and-other-agricultural-managers,https://www.bls.gov/ooh/management/farmers-ranchers-and-other-agricultural-managers.htm,"Farmers, Ranchers, and Other Agricultural Managers","$89,900     per year
                                        $43.22     per hour",High school diploma or equivalent,5 years or more,None,788700,-3% (Decline),-26500,70800,"$50,980",3%,"August 27, 2026",89900,-3,788700,-26500,70800,50980,3,High school diploma or equivalent,High school diploma or equivalent,8.97679726131609,-2650,1,38920,TRUE
life-physical-and-social-science,economists,https://www.bls.gov/ooh/life-physical-and-social-science/economists.htm,Economists,"$124,720     per year
                                        $59.96     per hour",Master's degree,None,None,18600,5% (Faster than average),900,1100,"$50,980",3%,"August 27, 2026",124720,5,18600,900,1100,50980,3,Master's degree,Master's degree,5.913978494623656,90,0.9181818181818182,73740,TRUE
architecture-and-engineering,agricultural-engineers,https://www.bls.gov/ooh/architecture-and-engineering/agricultural-engineers.htm,Agricultural Engineers,"$98,590     per year
                                        $47.40     per hour",Bachelor's degree,None,None,1500,7% (Much faster than average),100,100,"$50,980",3%,"August 27, 2026",98590,7,1500,100,100,50980,3,Bachelor's degree,Bachelor's degree,6.666666666666667,10,0.9,47610,TRUE
installation-maintenance-and-repair,heavy-vehicle-and-mobile-equipment-service-technicians,https://www.bls.gov/ooh/installation-maintenance-and-repair/heavy-vehicle-and-mobile-equipment-service-technicians.htm,Heavy Vehicle and Mobile Equipment Service Technicians,"$63,850     per year
                                        $30.70     per hour",High school diploma or equivalent,None,Long-term on-the-job training,242400,7% (Much faster than average),17100,20300,"$50,980",3%,"August 27, 2026",63850,7,242400,17100,20300,50980,3,High school diploma or equivalent,High school diploma or equivalent,8.374587458745875,1710,0.9157635467980295,12870,TRUE
sales,real-estate-brokers-and-sales-agents,https://www.bls.gov/ooh/sales/real-estate-brokers-and-sales-agents.htm,Real Estate Brokers and Sales Agents,"$57,400     per year
                                        $27.59     per hour",High school diploma or equivalent,See How to Become One,See How to Become One,530600,2% (Slower than average),8300,40400,"$50,980",3%,"August 27, 2026",57400,2,530600,8300,40400,50980,3,High school diploma or equivalent,High school diploma or equivalent,7.6140218620429705,830,0.9794554455445544,6420,TRUE
management,natural-sciences-managers,https://www.bls.gov/ooh/management/natural-sciences-managers.htm,Natural Sciences Managers,"$167,220     per year
                                        $80.39     per hour",Bachelor's degree,5 years or more,None,112200,8% (Much faster than average),9200,9200,"$50,980",3%,"August 27, 2026",167220,8,112200,9200,9200,50980,3,Bachelor's degree,Bachelor's degree,8.19964349376114,920,0.9,116240,TRUE
farming-fishing-and-forestry,agricultural-workers,https://www.bls.gov/ooh/farming-fishing-and-forestry/agricultural-workers.htm,Agricultural Workers,"$35,890     per year
                                        $17.25     per hour",See How to Become One,None,See How to Become One,831900,-2% (Decline),-13300,111500,"$50,980",3%,"August 27, 2026",35890,-2,831900,-13300,111500,50980,3,See How to Become One,NA,13.40305325159274,-1330,1,-15090,FALSE
architecture-and-engineering,environmental-engineering-technicians,https://www.bls.gov/ooh/architecture-and-engineering/environmental-engineering-technicians.htm,Environmental Engineering Technologists and Technicians,"$59,920     per year
                                        $28.81     per hour",Associate's degree,None,None,12500,3% (As fast as average),400,1100,"$50,980",3%,"August 27, 2026",59920,3,12500,400,1100,50980,3,Associate's degree,Associate's degree,8.8,40,0.9636363636363636,8940,TRUE
production,assemblers-and-fabricators,https://www.bls.gov/ooh/production/assemblers-and-fabricators.htm,Assemblers and Fabricators,"$45,450     per year
                                        $21.85     per hour",High school diploma or equivalent,None,Moderate-term on-the-job training,1799500,1% (Slower than average),16700,177500,"$50,980",3%,"August 27, 2026",45450,1,1799500,16700,177500,50980,3,High school diploma or equivalent,High school diploma or equivalent,9.863851069741594,1670,0.9905915492957746,-5530,FALSE
installation-maintenance-and-repair,heating-air-conditioning-and-refrigeration-mechanics-and-installers,https://www.bls.gov/ooh/installation-maintenance-and-repair/heating-air-conditioning-and-refrigeration-mechanics-and-installers.htm,"Heating, Air Conditioning, and Refrigeration Mechanics and Installers","$61,010     per year
                                        $29.33     per hour",Postsecondary nondegree award,None,Long-term on-the-job training,440900,11% (Much faster than average),48200,40600,"$50,980",3%,"August 27, 2026",61010,11,440900,48200,40600,50980,3,Postsecondary nondegree award,Postsecondary nondegree award,9.208437287366749,4820,0.8812807881773399,10030,TRUE
construction-and-extraction,sheet-metal-workers,https://www.bls.gov/ooh/construction-and-extraction/sheet-metal-workers.htm,Sheet Metal Workers,"$61,800     per year
                                        $29.71     per hour",High school diploma or equivalent,None,Apprenticeship,131100,3% (As fast as average),3300,9800,"$50,980",3%,"August 27, 2026",61800,3,131100,3300,9800,50980,3,High school diploma or equivalent,High school diploma or equivalent,7.475209763539283,330,0.9663265306122449,10820,TRUE
transportation-and-material-moving,hand-laborers-and-material-movers,https://www.bls.gov/ooh/transportation-and-material-moving/hand-laborers-and-material-movers.htm,Hand Laborers and Material Movers,"$38,220     per year
                                        $18.38     per hour",No formal educational credential,None,Short-term on-the-job training,6917800,4% (As fast as average),288900,904200,"$50,980",3%,"August 27, 2026",38220,4,6917800,288900,904200,50980,3,No formal educational credential,No formal educational credential,13.0706293908468,28890,0.9680491041804911,-12760,FALSE
production,painting-and-coating-workers,https://www.bls.gov/ooh/production/painting-and-coating-workers.htm,Painting and Coating Workers,"$48,060     per year
                                        $23.10     per hour",See How to Become One,None,Moderate-term on-the-job training,173000,2% (Slower than average),4200,16100,"$50,980",3%,"August 27, 2026",48060,2,173000,4200,16100,50980,3,See How to Become One,NA,9.306358381502891,420,0.9739130434782609,-2920,FALSE
transportation-and-material-moving,flight-attendants,https://www.bls.gov/ooh/transportation-and-material-moving/flight-attendants.htm,Flight Attendants,"$63,580     per year",High school diploma or equivalent,Less than 5 years,Moderate-term on-the-job training,133700,9% (Much faster than average),11800,18500,"$50,980",3%,"August 27, 2026",63580,9,133700,11800,18500,50980,3,High school diploma or equivalent,High school diploma or equivalent,13.836948391922213,1180,0.9362162162162162,12600,TRUE
business-and-financial,compliance-officers,https://www.bls.gov/ooh/business-and-financial/compliance-officers.htm,Compliance Officers,"$80,730     per year
                                        $38.81     per hour",Bachelor's degree,None,Moderate-term on-the-job training,436400,4% (As fast as average),16700,32700,"$50,980",3%,"August 27, 2026",80730,4,436400,16700,32700,50980,3,Bachelor's degree,Bachelor's degree,7.4931255728689274,1670,0.9489296636085627,29750,TRUE
architecture-and-engineering,environmental-engineers,https://www.bls.gov/ooh/architecture-and-engineering/environmental-engineers.htm,Environmental Engineers,"$107,110     per year
                                        $51.50     per hour",Bachelor's degree,None,None,39100,6% (Faster than average),2400,2300,"$50,980",3%,"August 27, 2026",107110,6,39100,2400,2300,50980,3,Bachelor's degree,Bachelor's degree,5.882352941176471,240,0.8956521739130435,56130,TRUE
transportation-and-material-moving,taxi-drivers-and-chauffeurs,https://www.bls.gov/ooh/transportation-and-material-moving/taxi-drivers-and-chauffeurs.htm,"Taxi Drivers, Shuttle Drivers, and Chauffeurs","$37,960     per year
                                        $18.25     per hour",No formal educational credential,None,Short-term on-the-job training,455700,9% (Much faster than average),41400,55900,"$50,980",3%,"August 27, 2026",37960,9,455700,41400,55900,50980,3,No formal educational credential,No formal educational credential,12.266842220759271,4140,0.9259391771019678,-13020,FALSE
management,transportation-storage-and-distribution-managers,https://www.bls.gov/ooh/management/transportation-storage-and-distribution-managers.htm,"Transportation, Storage, and Distribution Managers","$107,230     per year
                                        $51.55     per hour",High school diploma or equivalent,5 years or more,None,228100,6% (Faster than average),14000,18300,"$50,980",3%,"August 27, 2026",107230,6,228100,14000,18300,50980,3,High school diploma or equivalent,High school diploma or equivalent,8.022797018851382,1400,0.9234972677595629,56250,TRUE
transportation-and-material-moving,air-traffic-controllers,https://www.bls.gov/ooh/transportation-and-material-moving/air-traffic-controllers.htm,Air Traffic Controllers,"$148,080     per year
                                        $71.19     per hour",Associate's degree,None,Long-term on-the-job training,24000,2% (Slower than average),400,2100,"$50,980",3%,"August 27, 2026",148080,2,24000,400,2100,50980,3,Associate's degree,Associate's degree,8.75,40,0.9809523809523809,97100,TRUE
life-physical-and-social-science,environmental-science-and-protection-technicians,https://www.bls.gov/ooh/life-physical-and-social-science/environmental-science-and-protection-technicians.htm,Environmental Science and Protection Technicians,"$55,090     per year
                                        $26.49     per hour",Associate's degree,None,None,36400,7% (Much faster than average),2500,5300,"$50,980",3%,"August 27, 2026",55090,7,36400,2500,5300,50980,3,Associate's degree,Associate's degree,14.56043956043956,250,0.9528301886792453,4110,TRUE
production,metal-and-plastic-machine-workers,https://www.bls.gov/ooh/production/metal-and-plastic-machine-workers.htm,Metal and Plastic Machine Workers,"$47,700     per year
                                        $22.94     per hour",See How to Become One,None,Moderate-term on-the-job training,963000,-7% (Decline),-63000,78100,"$50,980",3%,"August 27, 2026",47700,-7,963000,-63000,78100,50980,3,See How to Become One,NA,8.110072689511941,-6300,1,-3280,FALSE
math,mathematicians-and-statisticians,https://www.bls.gov/ooh/math/mathematicians-and-statisticians.htm,Mathematicians and Statisticians,"$105,720     per year
                                        $50.83     per hour",Master's degree,None,None,33500,10% (Much faster than average),3400,2000,"$50,980",3%,"August 27, 2026",105720,10,33500,3400,2000,50980,3,Master's degree,Master's degree,5.970149253731344,340,0.83,54740,TRUE
education-training-and-library,tutors,https://www.bls.gov/ooh/education-training-and-library/tutors.htm,Tutors,"$43,350     per year
                                        $20.84     per hour","Some college, no degree",None,None,208400,0% (Little or no change),-500,34200,"$50,980",3%,"August 27, 2026",43350,0,208400,-500,34200,50980,3,"Some college, no degree","Some college, no degree",16.410748560460654,-50,1,-7630,FALSE
farming-fishing-and-forestry,fishers-and-related-fishing-workers,https://www.bls.gov/ooh/farming-fishing-and-forestry/fishers-and-related-fishing-workers.htm,Fishing and Hunting Workers,NA,No formal educational credential,None,Moderate-term on-the-job training,28200,-4% (Decline),-1200,3300,"$50,980",3%,"August 27, 2026",NA,-4,28200,-1200,3300,50980,3,No formal educational credential,No formal educational credential,11.702127659574469,-120,1,NA,NA
installation-maintenance-and-repair,small-engine-mechanics,https://www.bls.gov/ooh/installation-maintenance-and-repair/small-engine-mechanics.htm,Small Engine Mechanics,"$49,710     per year
                                        $23.90     per hour",See How to Become One,None,See How to Become One,77500,3% (As fast as average),2400,7700,"$50,980",3%,"August 27, 2026",49710,3,77500,2400,7700,50980,3,See How to Become One,NA,9.935483870967742,240,0.9688311688311688,-1270,FALSE
production,food-and-tobacco-processing-workers,https://www.bls.gov/ooh/production/food-and-tobacco-processing-workers.htm,Food Processing Equipment Workers,"$41,230     per year
                                        $19.82     per hour",See How to Become One,None,Moderate-term on-the-job training,297000,5% (Faster than average),15100,36600,"$50,980",3%,"August 27, 2026",41230,5,297000,15100,36600,50980,3,See How to Become One,NA,12.323232323232324,1510,0.9587431693989071,-9750,FALSE
legal,arbitrators-mediators-and-conciliators,https://www.bls.gov/ooh/legal/arbitrators-mediators-and-conciliators.htm,"Arbitrators, Mediators, and Conciliators","$75,530     per year
                                        $36.31     per hour",Bachelor's degree,Less than 5 years,Moderate-term on-the-job training,10500,5% (Faster than average),500,300,"$50,980",3%,"August 27, 2026",75530,5,10500,500,300,50980,3,Bachelor's degree,Bachelor's degree,2.857142857142857,50,0.8333333333333334,24550,TRUE
production,welders-cutters-solderers-and-brazers,https://www.bls.gov/ooh/production/welders-cutters-solderers-and-brazers.htm,"Welders, Cutters, Solderers, and Brazers","$53,750     per year
                                        $25.84     per hour",High school diploma or equivalent,None,Moderate-term on-the-job training,437700,2% (Slower than average),10300,40300,"$50,980",3%,"August 27, 2026",53750,2,437700,10300,40300,50980,3,High school diploma or equivalent,High school diploma or equivalent,9.207219556774046,1030,0.9744416873449131,2770,TRUE
healthcare,emts-and-paramedics,https://www.bls.gov/ooh/healthcare/emts-and-paramedics.htm,EMTs and Paramedics,"$48,150     per year
                                        $23.15     per hour",Postsecondary nondegree award,See How to Become One,None,284100,6% (Faster than average),16400,18200,"$50,980",3%,"August 27, 2026",48150,6,284100,16400,18200,50980,3,Postsecondary nondegree award,Postsecondary nondegree award,6.406195001759944,1640,0.9098901098901099,-2830,FALSE
healthcare,orthotists-and-prosthetists,https://www.bls.gov/ooh/healthcare/orthotists-and-prosthetists.htm,Orthotists and Prosthetists,"$81,110     per year
                                        $38.99     per hour",Master's degree,None,Internship/residency,9500,13% (Much faster than average),1200,700,"$50,980",3%,"August 27, 2026",81110,13,9500,1200,700,50980,3,Master's degree,Master's degree,7.368421052631579,120,0.8285714285714285,30130,TRUE
media-and-communication,interpreters-and-translators,https://www.bls.gov/ooh/media-and-communication/interpreters-and-translators.htm,Interpreters and Translators,"$60,170     per year
                                        $28.93     per hour",Bachelor's degree,None,None,73900,2% (Slower than average),1500,6000,"$50,980",3%,"August 27, 2026",60170,2,73900,1500,6000,50980,3,Bachelor's degree,Bachelor's degree,8.119079837618404,150,0.975,9190,TRUE
production,quality-control-inspectors,https://www.bls.gov/ooh/production/quality-control-inspectors.htm,Quality Control Inspectors,"$48,570     per year
                                        $23.35     per hour",High school diploma or equivalent,None,Moderate-term on-the-job training,602000,3% (As fast as average),15200,66700,"$50,980",3%,"August 27, 2026",48570,3,602000,15200,66700,50980,3,High school diploma or equivalent,High school diploma or equivalent,11.079734219269103,1520,0.9772113943028485,-2410,FALSE
management,entertainment-and-recreation-managers,https://www.bls.gov/ooh/management/entertainment-and-recreation-managers.htm,Entertainment and Recreation Managers,"$79,520     per year
                                        $38.23     per hour",Bachelor's degree,Less than 5 years,None,43900,6% (Faster than average),2700,5100,"$50,980",3%,"August 27, 2026",79520,6,43900,2700,5100,50980,3,Bachelor's degree,Bachelor's degree,11.617312072892938,270,0.9470588235294117,28540,TRUE
healthcare,physician-assistants,https://www.bls.gov/ooh/healthcare/physician-assistants.htm,Physician Assistants,"$135,880     per year
                                        $65.33     per hour",Master's degree,None,None,168900,21% (Much faster than average),35700,11500,"$50,980",3%,"August 27, 2026",135880,21,168900,35700,11500,50980,3,Master's degree,Master's degree,6.808762581409118,3570,0.6895652173913043,84900,TRUE
construction-and-extraction,construction-equipment-operators,https://www.bls.gov/ooh/construction-and-extraction/construction-equipment-operators.htm,Construction Equipment Operators,"$59,600     per year
                                        $28.66     per hour",High school diploma or equivalent,None,Moderate-term on-the-job training,534100,4% (As fast as average),21800,42500,"$50,980",3%,"August 27, 2026",59600,4,534100,21800,42500,50980,3,High school diploma or equivalent,High school diploma or equivalent,7.957311364912938,2180,0.9487058823529412,8620,TRUE
personal-care-and-service,animal-care-and-service-workers,https://www.bls.gov/ooh/personal-care-and-service/animal-care-and-service-workers.htm,Animal Care and Service Workers,"$35,530     per year
                                        $17.08     per hour",High school diploma or equivalent,None,See How to Become One,413000,11% (Much faster than average),46100,69400,"$50,980",3%,"August 27, 2026",35530,11,413000,46100,69400,50980,3,High school diploma or equivalent,High school diploma or equivalent,16.803874092009686,4610,0.9335734870317003,-15450,FALSE
healthcare,veterinarians,https://www.bls.gov/ooh/healthcare/veterinarians.htm,Veterinarians,"$130,100     per year
                                        $62.55     per hour",Doctoral or professional degree,None,None,91100,9% (Much faster than average),8600,3100,"$50,980",3%,"August 27, 2026",130100,9,91100,8600,3100,50980,3,Doctoral or professional degree,Doctoral or professional degree,3.402854006586169,860,0.7225806451612904,79120,TRUE
media-and-communication,announcers,https://www.bls.gov/ooh/media-and-communication/announcers.htm,Announcers and DJs,$22.50     per hour,See How to Become One,None,See How to Become One,38700,-3% (Decline),-1000,3700,NA,3%,"August 27, 2026",46800,-3,38700,-1000,3700,50980,3,See How to Become One,NA,9.560723514211887,-100,1,-4180,FALSE
architecture-and-engineering,electrical-and-electronics-engineers,https://www.bls.gov/ooh/architecture-and-engineering/electrical-and-electronics-engineers.htm,Electrical and Electronics Engineers,"$125,040     per year
                                        $60.12     per hour",Bachelor's degree,None,None,297900,8% (Much faster than average),23400,16300,"$50,980",3%,"August 27, 2026",125040,8,297900,23400,16300,50980,3,Bachelor's degree,Bachelor's degree,5.4716347767707285,2340,0.856441717791411,74060,TRUE
life-physical-and-social-science,anthropologists-and-archeologists,https://www.bls.gov/ooh/life-physical-and-social-science/anthropologists-and-archeologists.htm,Anthropologists and Archeologists,"$70,770     per year
                                        $34.02     per hour",Master's degree,None,None,10200,6% (Faster than average),600,800,"$50,980",3%,"August 27, 2026",70770,6,10200,600,800,50980,3,Master's degree,Master's degree,7.8431372549019605,60,0.925,19790,TRUE
management,property-real-estate-and-community-association-managers,https://www.bls.gov/ooh/management/property-real-estate-and-community-association-managers.htm,"Property, Real Estate, and Community Association Managers","$69,990     per year
                                        $33.65     per hour",High school diploma or equivalent,Less than 5 years,Short-term on-the-job training,460400,4% (As fast as average),17100,36900,"$50,980",3%,"August 27, 2026",69990,4,460400,17100,36900,50980,3,High school diploma or equivalent,High school diploma or equivalent,8.014769765421372,1710,0.9536585365853658,19010,TRUE
healthcare,pharmacists,https://www.bls.gov/ooh/healthcare/pharmacists.htm,Pharmacists,"$140,910     per year
                                        $67.75     per hour",Doctoral or professional degree,None,None,325200,5% (Faster than average),17100,12500,"$50,980",3%,"August 27, 2026",140910,5,325200,17100,12500,50980,3,Doctoral or professional degree,Doctoral or professional degree,3.843788437884379,1710,0.8632,89930,TRUE
arts-and-design,fashion-designers,https://www.bls.gov/ooh/arts-and-design/fashion-designers.htm,Fashion Designers,"$80,960     per year
                                        $38.92     per hour",Bachelor's degree,None,None,32700,0% (Little or no change),0,2500,"$50,980",3%,"August 27, 2026",80960,0,32700,0,2500,50980,3,Bachelor's degree,Bachelor's degree,7.6452599388379205,0,1,29980,TRUE
sales,retail-sales-workers,https://www.bls.gov/ooh/sales/retail-sales-workers.htm,Retail Sales Workers,"$35,560     per year
                                        $17.10     per hour",No formal educational credential,None,See How to Become One,4271400,0% (Little or no change),-5700,550600,NA,3%,"August 27, 2026",35560,0,4271400,-5700,550600,50980,3,No formal educational credential,No formal educational credential,12.890387226670413,-570,1,-15420,FALSE
management,computer-and-information-systems-managers,https://www.bls.gov/ooh/management/computer-and-information-systems-managers.htm,Computer and Information Systems Managers,"$175,140     per year
                                        $84.20     per hour",Bachelor's degree,5 years or more,None,685800,16% (Much faster than average),108100,53500,"$50,980",3%,"August 27, 2026",175140,16,685800,108100,53500,50980,3,Bachelor's degree,Bachelor's degree,7.801108194808982,10810,0.7979439252336449,124160,TRUE
computer-and-information-technology,software-developers,https://www.bls.gov/ooh/computer-and-information-technology/software-developers.htm,"Software Developers, Quality Assurance Analysts, and Testers","$134,040     per year
                                        $64.44     per hour",Bachelor's degree,None,None,1905400,10% (Much faster than average),185400,106100,"$50,980",3%,"August 27, 2026",134040,10,1905400,185400,106100,50980,3,Bachelor's degree,Bachelor's degree,5.568384591161961,18540,0.8252591894439208,83060,TRUE
computer-and-information-technology,computer-systems-analysts,https://www.bls.gov/ooh/computer-and-information-technology/computer-systems-analysts.htm,Computer Systems Analysts,"$105,850     per year
                                        $50.89     per hour",Bachelor's degree,None,None,544400,8% (Much faster than average),42900,32900,"$50,980",3%,"August 27, 2026",105850,8,544400,42900,32900,50980,3,Bachelor's degree,Bachelor's degree,6.043350477590008,4290,0.8696048632218845,54870,TRUE
computer-and-information-technology,computer-programmers,https://www.bls.gov/ooh/computer-and-information-technology/computer-programmers.htm,Computer Programmers,"$100,390     per year
                                        $48.26     per hour",Bachelor's degree,None,None,110800,-7% (Decline),-8100,4400,"$50,980",3%,"August 27, 2026",100390,-7,110800,-8100,4400,50980,3,Bachelor's degree,Bachelor's degree,3.9711191335740073,-810,1,49410,TRUE
healthcare,exercise-physiologists,https://www.bls.gov/ooh/healthcare/exercise-physiologists.htm,Exercise Physiologists,"$59,460     per year
                                        $28.59     per hour",Bachelor's degree,None,None,21200,13% (Much faster than average),2700,1400,"$50,980",3%,"August 27, 2026",59460,13,21200,2700,1400,50980,3,Bachelor's degree,Bachelor's degree,6.60377358490566,270,0.8071428571428572,8480,TRUE
office-and-administrative-support,receptionists,https://www.bls.gov/ooh/office-and-administrative-support/receptionists.htm,Receptionists,"$38,010     per year
                                        $18.27     per hour",High school diploma or equivalent,None,Short-term on-the-job training,947500,-2% (Decline),-16000,105100,NA,3%,"August 27, 2026",38010,-2,947500,-16000,105100,50980,3,High school diploma or equivalent,High school diploma or equivalent,11.092348284960423,-1600,1,-12970,FALSE
life-physical-and-social-science,zoologists-and-wildlife-biologists,https://www.bls.gov/ooh/life-physical-and-social-science/zoologists-and-wildlife-biologists.htm,Zoologists and Wildlife Biologists,"$76,780     per year
                                        $36.91     per hour",Bachelor's degree,None,None,19500,4% (As fast as average),700,1400,"$50,980",3%,"August 27, 2026",76780,4,19500,700,1400,50980,3,Bachelor's degree,Bachelor's degree,7.17948717948718,70,0.95,25800,TRUE
production,dental-and-ophthalmic-laboratory-technicians-and-medical-appliance-technicians,https://www.bls.gov/ooh/production/dental-and-ophthalmic-laboratory-technicians-and-medical-appliance-technicians.htm,Dental and Ophthalmic Laboratory Technicians and Medical Appliance Technicians,"$47,060     per year
                                        $22.63     per hour",High school diploma or equivalent,None,Moderate-term on-the-job training,64300,-2% (Decline),-1300,7100,"$50,980",3%,"August 27, 2026",47060,-2,64300,-1300,7100,50980,3,High school diploma or equivalent,High school diploma or equivalent,11.04199066874028,-130,1,-3920,FALSE
architecture-and-engineering,architects,https://www.bls.gov/ooh/architecture-and-engineering/architects.htm,Architects,"$99,280     per year
                                        $47.73     per hour",Bachelor's degree,None,Internship/residency,124600,4% (As fast as average),5300,6900,"$50,980",3%,"August 27, 2026",99280,4,124600,5300,6900,50980,3,Bachelor's degree,Bachelor's degree,5.537720706260032,530,0.9231884057971015,48300,TRUE
management,architectural-and-engineering-managers,https://www.bls.gov/ooh/management/architectural-and-engineering-managers.htm,Architectural and Engineering Managers,"$171,270     per year
                                        $82.34     per hour",Bachelor's degree,5 years or more,None,220900,6% (Faster than average),12200,14900,"$50,980",3%,"August 27, 2026",171270,6,220900,12200,14900,50980,3,Bachelor's degree,Bachelor's degree,6.7451335445903124,1220,0.9181208053691275,120290,TRUE
education-training-and-library,career-and-technical-education-teachers,https://www.bls.gov/ooh/education-training-and-library/career-and-technical-education-teachers.htm,Career and Technical Education Teachers,"$65,150     per year",Bachelor's degree,Less than 5 years,None,250200,0% (Little or no change),-900,15500,"$50,980",3%,"August 27, 2026",65150,0,250200,-900,15500,50980,3,Bachelor's degree,Bachelor's degree,6.1950439648281375,-90,1,14170,TRUE
architecture-and-engineering,civil-engineers,https://www.bls.gov/ooh/architecture-and-engineering/civil-engineers.htm,Civil Engineers,"$100,840     per year
                                        $48.48     per hour",Bachelor's degree,None,None,380600,6% (Faster than average),24500,22700,"$50,980",3%,"August 27, 2026",100840,6,380600,24500,22700,50980,3,Bachelor's degree,Bachelor's degree,5.964266946925907,2450,0.8920704845814977,49860,TRUE
construction-and-extraction,construction-and-building-inspectors,https://www.bls.gov/ooh/construction-and-extraction/construction-and-building-inspectors.htm,Construction and Building Inspectors,"$74,690     per year
                                        $35.91     per hour",High school diploma or equivalent,5 years or more,Moderate-term on-the-job training,153900,0% (Little or no change),0,14800,"$50,980",3%,"August 27, 2026",74690,0,153900,0,14800,50980,3,High school diploma or equivalent,High school diploma or equivalent,9.616634178037687,0,1,23710,TRUE
education-training-and-library,curators-museum-technicians-and-conservators,https://www.bls.gov/ooh/education-training-and-library/curators-museum-technicians-and-conservators.htm,"Archivists, Curators, and Museum Workers","$60,330     per year
                                        $29.00     per hour",See How to Become One,None,None,38500,4% (As fast as average),1600,4300,"$50,980",3%,"August 27, 2026",60330,4,38500,1600,4300,50980,3,See How to Become One,NA,11.168831168831169,160,0.9627906976744186,9350,TRUE
protective-service,security-guards,https://www.bls.gov/ooh/protective-service/security-guards.htm,Security Guards and Gambling Surveillance Officers,"$38,050     per year
                                        $18.29     per hour",High school diploma or equivalent,See How to Become One,See How to Become One,1304000,1% (Slower than average),11200,157200,"$50,980",3%,"August 27, 2026",38050,1,1304000,11200,157200,50980,3,High school diploma or equivalent,High school diploma or equivalent,12.05521472392638,1120,0.9928753180661578,-12930,FALSE
protective-service,fire-inspectors-and-investigators,https://www.bls.gov/ooh/protective-service/fire-inspectors-and-investigators.htm,Fire Inspectors,"$73,680     per year
                                        $35.42     per hour",See How to Become One,See How to Become One,Moderate-term on-the-job training,17600,6% (Faster than average),1000,1900,"$50,980",3%,"August 27, 2026",73680,6,17600,1000,1900,50980,3,See How to Become One,NA,10.795454545454545,100,0.9473684210526316,22700,TRUE
arts-and-design,art-directors,https://www.bls.gov/ooh/arts-and-design/art-directors.htm,Art Directors,"$114,850     per year
                                        $55.22     per hour",Bachelor's degree,5 years or more,None,140200,4% (As fast as average),5900,12200,"$50,980",3%,"August 27, 2026",114850,4,140200,5900,12200,50980,3,Bachelor's degree,Bachelor's degree,8.7018544935806,590,0.9516393442622951,63870,TRUE
sales,models,https://www.bls.gov/ooh/sales/models.htm,Models,"$48,470     per year
                                        $23.30     per hour",No formal educational credential,None,None,4200,-2% (Decline),-100,700,NA,3%,"August 27, 2026",48470,-2,4200,-100,700,50980,3,No formal educational credential,No formal educational credential,16.666666666666668,-10,1,-2510,FALSE
construction-and-extraction,hazardous-materials-removal-workers,https://www.bls.gov/ooh/construction-and-extraction/hazardous-materials-removal-workers.htm,Hazardous Materials Removal Workers,"$49,450     per year
                                        $23.78     per hour",High school diploma or equivalent,None,Moderate-term on-the-job training,52700,2% (Slower than average),800,4300,"$50,980",3%,"August 27, 2026",49450,2,52700,800,4300,50980,3,High school diploma or equivalent,High school diploma or equivalent,8.159392789373815,80,0.9813953488372094,-1530,FALSE
transportation-and-material-moving,material-moving-machine-operators,https://www.bls.gov/ooh/transportation-and-material-moving/material-moving-machine-operators.htm,Material Moving Machine Operators,"$46,670     per year
                                        $22.44     per hour",See How to Become One,See How to Become One,See How to Become One,841500,1% (Slower than average),12000,70700,"$50,980",3%,"August 27, 2026",46670,1,841500,12000,70700,50980,3,See How to Become One,NA,8.401663695781343,1200,0.983026874115983,-4310,FALSE
life-physical-and-social-science,chemical-technicians,https://www.bls.gov/ooh/life-physical-and-social-science/chemical-technicians.htm,Chemical Technicians,"$60,390     per year
                                        $29.03     per hour",Associate's degree,None,Moderate-term on-the-job training,60000,5% (Faster than average),3000,7600,"$50,980",3%,"August 27, 2026",60390,5,60000,3000,7600,50980,3,Associate's degree,Associate's degree,12.666666666666666,300,0.9605263157894737,9410,TRUE
media-and-communication,technical-writers,https://www.bls.gov/ooh/media-and-communication/technical-writers.htm,Technical Writers,"$90,390     per year
                                        $43.46     per hour",Bachelor's degree,Less than 5 years,Short-term on-the-job training,46400,1% (Slower than average),400,3200,"$50,980",3%,"August 27, 2026",90390,1,46400,400,3200,50980,3,Bachelor's degree,Bachelor's degree,6.896551724137931,40,0.9875,39410,TRUE
legal,paralegals-and-legal-assistants,https://www.bls.gov/ooh/legal/paralegals-and-legal-assistants.htm,Paralegals and Legal Assistants,"$62,890     per year
                                        $30.24     per hour",Associate's degree,None,None,404900,0% (Little or no change),-1100,40800,"$50,980",3%,"August 27, 2026",62890,0,404900,-1100,40800,50980,3,Associate's degree,Associate's degree,10.076562114102247,-110,1,11910,TRUE
life-physical-and-social-science,physicists-and-astronomers,https://www.bls.gov/ooh/life-physical-and-social-science/physicists-and-astronomers.htm,Physicists and Astronomers,"$166,880     per year
                                        $80.23     per hour",Doctoral or professional degree,None,None,25600,7% (Much faster than average),1900,1500,"$50,980",3%,"August 27, 2026",166880,7,25600,1900,1500,50980,3,Doctoral or professional degree,Doctoral or professional degree,5.859375,190,0.8733333333333333,115900,TRUE
entertainment-and-sports,athletes-and-sports-competitors,https://www.bls.gov/ooh/entertainment-and-sports/athletes-and-sports-competitors.htm,Athletes and Sports Competitors,"$66,710     per year",No formal educational credential,None,Long-term on-the-job training,22900,6% (Faster than average),1300,2200,"$50,980",3%,"August 27, 2026",66710,6,22900,1300,2200,50980,3,No formal educational credential,No formal educational credential,9.606986899563319,130,0.9409090909090909,15730,TRUE
entertainment-and-sports,coaches-and-scouts,https://www.bls.gov/ooh/entertainment-and-sports/coaches-and-scouts.htm,Coaches and Scouts,"$47,320     per year",Bachelor's degree,None,None,298800,6% (Faster than average),18100,36400,"$50,980",3%,"August 27, 2026",47320,6,298800,18100,36400,50980,3,Bachelor's degree,Bachelor's degree,12.182061579651942,1810,0.9502747252747252,-3660,FALSE
entertainment-and-sports,umpires-referees-and-other-sports-officials,https://www.bls.gov/ooh/entertainment-and-sports/umpires-referees-and-other-sports-officials.htm,"Umpires, Referees, and Other Sports Officials","$40,710     per year",High school diploma or equivalent,None,Moderate-term on-the-job training,18200,5% (Faster than average),900,4300,"$50,980",3%,"August 27, 2026",40710,5,18200,900,4300,50980,3,High school diploma or equivalent,High school diploma or equivalent,23.626373626373628,90,0.9790697674418605,-10270,FALSE
healthcare,athletic-trainers,https://www.bls.gov/ooh/healthcare/athletic-trainers.htm,Athletic Trainers,"$62,520     per year",Master's degree,None,None,35200,13% (Much faster than average),4400,2400,"$50,980",3%,"August 27, 2026",62520,13,35200,4400,2400,50980,3,Master's degree,Master's degree,6.818181818181818,440,0.8166666666666667,11540,TRUE
life-physical-and-social-science,atmospheric-scientists-including-meteorologists,https://www.bls.gov/ooh/life-physical-and-social-science/atmospheric-scientists-including-meteorologists.htm,"Atmospheric Scientists, Including Meteorologists","$99,070     per year
                                        $47.63     per hour",Bachelor's degree,None,None,10700,3% (As fast as average),300,800,"$50,980",3%,"August 27, 2026",99070,3,10700,300,800,50980,3,Bachelor's degree,Bachelor's degree,7.4766355140186915,30,0.9625,48090,TRUE
architecture-and-engineering,nuclear-engineers,https://www.bls.gov/ooh/architecture-and-engineering/nuclear-engineers.htm,Nuclear Engineers,"$133,970     per year
                                        $64.41     per hour",Bachelor's degree,None,None,16600,0% (Little or no change),100,800,"$50,980",3%,"August 27, 2026",133970,0,16600,100,800,50980,3,Bachelor's degree,Bachelor's degree,4.819277108433735,10,0.9875,82990,TRUE
media-and-communication,broadcast-and-sound-engineering-technicians,https://www.bls.gov/ooh/media-and-communication/broadcast-and-sound-engineering-technicians.htm,"Broadcast, Sound, and Video Technicians","$60,150     per year
                                        $28.92     per hour",See How to Become One,None,Short-term on-the-job training,136600,1% (Slower than average),1700,9800,"$50,980",3%,"August 27, 2026",60150,1,136600,1700,9800,50980,3,See How to Become One,NA,7.174231332357247,170,0.9826530612244898,9170,TRUE
healthcare,audiologists,https://www.bls.gov/ooh/healthcare/audiologists.htm,Audiologists,"$95,780     per year
                                        $46.05     per hour",Doctoral or professional degree,None,None,14200,11% (Much faster than average),1600,600,"$50,980",3%,"August 27, 2026",95780,11,14200,1600,600,50980,3,Doctoral or professional degree,Doctoral or professional degree,4.225352112676056,160,0.7333333333333334,44800,TRUE
personal-care-and-service,childcare-workers,https://www.bls.gov/ooh/personal-care-and-service/childcare-workers.htm,Childcare Workers,"$34,980     per year
                                        $16.82     per hour",High school diploma or equivalent,None,Short-term on-the-job training,1010300,-2% (Decline),-19900,150300,NA,3%,"August 27, 2026",34980,-2,1010300,-19900,150300,50980,3,High school diploma or equivalent,High school diploma or equivalent,14.876769276452539,-1990,1,-16000,FALSE
installation-maintenance-and-repair,automotive-body-and-glass-repairers,https://www.bls.gov/ooh/installation-maintenance-and-repair/automotive-body-and-glass-repairers.htm,Automotive Body and Glass Repairers,"$52,530     per year
                                        $25.25     per hour",High school diploma or equivalent,None,See How to Become One,185800,4% (As fast as average),7400,13900,"$50,980",3%,"August 27, 2026",52530,4,185800,7400,13900,50980,3,High school diploma or equivalent,High school diploma or equivalent,7.481162540365985,740,0.9467625899280575,1550,TRUE
transportation-and-material-moving,heavy-and-tractor-trailer-truck-drivers,https://www.bls.gov/ooh/transportation-and-material-moving/heavy-and-tractor-trailer-truck-drivers.htm,Heavy and Tractor-Trailer Truck Drivers,"$58,640     per year
                                        $28.19     per hour",Postsecondary nondegree award,None,Short-term on-the-job training,2221200,4% (As fast as average),83800,214500,"$50,980",3%,"August 27, 2026",58640,4,2221200,83800,214500,50980,3,Postsecondary nondegree award,Postsecondary nondegree award,9.656942193408968,8380,0.960932400932401,7660,TRUE
installation-maintenance-and-repair,automotive-service-technicians-and-mechanics,https://www.bls.gov/ooh/installation-maintenance-and-repair/automotive-service-technicians-and-mechanics.htm,Automotive Service Technicians and Mechanics,"$50,620     per year
                                        $24.34     per hour",Postsecondary nondegree award,None,Short-term on-the-job training,825800,5% (Faster than average),40900,66200,"$50,980",3%,"August 27, 2026",50620,5,825800,40900,66200,50980,3,Postsecondary nondegree award,Postsecondary nondegree award,8.016468878663115,4090,0.9382175226586102,-360,FALSE
business-and-financial,claims-adjusters-appraisers-examiners-and-investigators,https://www.bls.gov/ooh/business-and-financial/claims-adjusters-appraisers-examiners-and-investigators.htm,"Claims Adjusters, Appraisers, Examiners, and Investigators","$78,020     per year
                                        $37.51     per hour",See How to Become One,None,See How to Become One,389700,-6% (Decline),-21800,21600,"$50,980",3%,"August 27, 2026",78020,-6,389700,-21800,21600,50980,3,See How to Become One,NA,5.542725173210162,-2180,1,27040,TRUE
computer-and-information-technology,database-administrators,https://www.bls.gov/ooh/computer-and-information-technology/database-administrators.htm,Database Administrators and Architects,"$126,760     per year
                                        $60.94     per hour",Bachelor's degree,See How to Become One,None,144500,4% (As fast as average),6500,7300,"$50,980",3%,"August 27, 2026",126760,4,144500,6500,7300,50980,3,Bachelor's degree,Bachelor's degree,5.051903114186851,650,0.910958904109589,75780,TRUE
business-and-financial,insurance-underwriters,https://www.bls.gov/ooh/business-and-financial/insurance-underwriters.htm,Insurance Underwriters,"$81,370     per year
                                        $39.12     per hour",Bachelor's degree,None,Moderate-term on-the-job training,125600,-4% (Decline),-4800,6800,"$50,980",3%,"August 27, 2026",81370,-4,125600,-4800,6800,50980,3,Bachelor's degree,Bachelor's degree,5.414012738853503,-480,1,30390,TRUE
arts-and-design,industrial-designers,https://www.bls.gov/ooh/arts-and-design/industrial-designers.htm,Industrial Designers,"$83,910     per year
                                        $40.34     per hour",Bachelor's degree,None,None,35400,2% (Slower than average),900,2800,"$50,980",3%,"August 27, 2026",83910,2,35400,900,2800,50980,3,Bachelor's degree,Bachelor's degree,7.909604519774011,90,0.9678571428571429,32930,TRUE
production,machinists-and-tool-and-die-makers,https://www.bls.gov/ooh/production/machinists-and-tool-and-die-makers.htm,Machinists and Tool and Die Makers,"$59,620     per year
                                        $28.66     per hour",See How to Become One,None,Long-term on-the-job training,344900,-1% (Decline),-2200,30400,"$50,980",3%,"August 27, 2026",59620,-1,344900,-2200,30400,50980,3,See How to Become One,NA,8.814149028703973,-220,1,8640,TRUE
architecture-and-engineering,materials-engineers,https://www.bls.gov/ooh/architecture-and-engineering/materials-engineers.htm,Materials Engineers,"$112,860     per year
                                        $54.26     per hour",Bachelor's degree,None,None,23800,8% (Much faster than average),1800,1300,"$50,980",3%,"August 27, 2026",112860,8,23800,1800,1300,50980,3,Bachelor's degree,Bachelor's degree,5.46218487394958,180,0.8615384615384616,61880,TRUE
healthcare,medical-assistants,https://www.bls.gov/ooh/healthcare/medical-assistants.htm,Medical Assistants,"$45,690     per year
                                        $21.97     per hour",Postsecondary nondegree award,None,None,833900,13% (Much faster than average),107600,109700,"$50,980",3%,"August 27, 2026",45690,13,833900,107600,109700,50980,3,Postsecondary nondegree award,Postsecondary nondegree award,13.155054562897229,10760,0.9019143117593437,-5290,FALSE
architecture-and-engineering,mechanical-engineers,https://www.bls.gov/ooh/architecture-and-engineering/mechanical-engineers.htm,Mechanical Engineers,"$104,110     per year
                                        $50.05     per hour",Bachelor's degree,None,None,298500,11% (Much faster than average),33500,17800,"$50,980",3%,"August 27, 2026",104110,11,298500,33500,17800,50980,3,Bachelor's degree,Bachelor's degree,5.9631490787269685,3350,0.8117977528089888,53130,TRUE
sales,travel-agents,https://www.bls.gov/ooh/sales/travel-agents.htm,Travel Agents,"$50,160     per year
                                        $24.11     per hour",High school diploma or equivalent,None,Moderate-term on-the-job training,61500,0% (Little or no change),100,5900,"$50,980",3%,"August 27, 2026",50160,0,61500,100,5900,50980,3,High school diploma or equivalent,High school diploma or equivalent,9.59349593495935,10,0.9983050847457627,-820,FALSE
production,woodworkers,https://www.bls.gov/ooh/production/woodworkers.htm,Woodworkers,"$45,310     per year
                                        $21.79     per hour",High school diploma or equivalent,None,See How to Become One,199900,-2% (Decline),-4900,18100,"$50,980",3%,"August 27, 2026",45310,-2,199900,-4900,18100,50980,3,High school diploma or equivalent,High school diploma or equivalent,9.054527263631815,-490,1,-5670,FALSE
life-physical-and-social-science,microbiologists,https://www.bls.gov/ooh/life-physical-and-social-science/microbiologists.htm,Microbiologists,"$87,990     per year
                                        $42.30     per hour",Bachelor's degree,None,None,20100,6% (Faster than average),1300,1500,"$50,980",3%,"August 27, 2026",87990,6,20100,1300,1500,50980,3,Bachelor's degree,Bachelor's degree,7.462686567164179,130,0.9133333333333333,37010,TRUE
life-physical-and-social-science,biological-technicians,https://www.bls.gov/ooh/life-physical-and-social-science/biological-technicians.htm,Biological Technicians,"$57,510     per year
                                        $27.65     per hour",Bachelor's degree,None,None,74400,7% (Much faster than average),5500,9400,"$50,980",3%,"August 27, 2026",57510,7,74400,5500,9400,50980,3,Bachelor's degree,Bachelor's degree,12.634408602150538,550,0.9414893617021276,6530,TRUE
production,bakers,https://www.bls.gov/ooh/production/bakers.htm,Bakers,"$37,160     per year
                                        $17.86     per hour",No formal educational credential,None,Moderate-term on-the-job training,262400,6% (Faster than average),14500,36500,"$50,980",3%,"August 27, 2026",37160,6,262400,14500,36500,50980,3,No formal educational credential,No formal educational credential,13.910060975609756,1450,0.9602739726027397,-13820,FALSE
installation-maintenance-and-repair,industrial-machinery-mechanics-and-maintenance-workers-and-millwrights,https://www.bls.gov/ooh/installation-maintenance-and-repair/industrial-machinery-mechanics-and-maintenance-workers-and-millwrights.htm,"Industrial Machinery Mechanics, Machinery Maintenance Workers, and Millwrights","$64,100     per year
                                        $30.82     per hour",High school diploma or equivalent,None,See How to Become One,547300,14% (Much faster than average),78900,51900,"$50,980",3%,"August 27, 2026",64100,14,547300,78900,51900,50980,3,High school diploma or equivalent,High school diploma or equivalent,9.482916133747487,7890,0.8479768786127168,13120,TRUE
entertainment-and-sports,dancers-and-choreographers,https://www.bls.gov/ooh/entertainment-and-sports/dancers-and-choreographers.htm,Dancers and Choreographers,$25.40     per hour,See How to Become One,See How to Become One,Long-term on-the-job training,18600,2% (Slower than average),400,2200,NA,3%,"August 27, 2026",52832,2,18600,400,2200,50980,3,See How to Become One,NA,11.827956989247312,40,0.9818181818181818,1852,TRUE
life-physical-and-social-science,forensic-science-technicians,https://www.bls.gov/ooh/life-physical-and-social-science/forensic-science-technicians.htm,Forensic Science Technicians,"$72,060     per year
                                        $34.65     per hour",Bachelor's degree,None,Moderate-term on-the-job training,20100,13% (Much faster than average),2700,2800,"$50,980",3%,"August 27, 2026",72060,13,20100,2700,2800,50980,3,Bachelor's degree,Bachelor's degree,13.930348258706468,270,0.9035714285714286,21080,TRUE
management,financial-managers,https://www.bls.gov/ooh/management/financial-managers.htm,Financial Managers,"$166,570     per year
                                        $80.08     per hour",Bachelor's degree,5 years or more,None,879700,10% (Much faster than average),84900,65600,"$50,980",3%,"August 27, 2026",166570,10,879700,84900,65600,50980,3,Bachelor's degree,Bachelor's degree,7.457087643514835,8490,0.870579268292683,115590,TRUE
business-and-financial,financial-examiners,https://www.bls.gov/ooh/business-and-financial/financial-examiners.htm,Financial Examiners,"$94,160     per year
                                        $45.27     per hour",Bachelor's degree,None,Long-term on-the-job training,70000,9% (Much faster than average),6500,4500,"$50,980",3%,"August 27, 2026",94160,9,70000,6500,4500,50980,3,Bachelor's degree,Bachelor's degree,6.428571428571429,650,0.8555555555555556,43180,TRUE
office-and-administrative-support,financial-clerks,https://www.bls.gov/ooh/office-and-administrative-support/financial-clerks.htm,Financial Clerks,"$49,990     per year
                                        $24.04     per hour",High school diploma or equivalent,None,See How to Become One,1144900,-4% (Decline),-45400,88000,"$50,980",3%,"August 27, 2026",49990,-4,1144900,-45400,88000,50980,3,High school diploma or equivalent,High school diploma or equivalent,7.6862608088042625,-4540,1,-990,FALSE
office-and-administrative-support,tellers,https://www.bls.gov/ooh/office-and-administrative-support/tellers.htm,Tellers,"$43,030     per year
                                        $20.69     per hour",High school diploma or equivalent,None,Short-term on-the-job training,339200,-13% (Decline),-44700,26800,"$50,980",3%,"August 27, 2026",43030,-13,339200,-44700,26800,50980,3,High school diploma or equivalent,High school diploma or equivalent,7.900943396226415,-4470,1,-7950,FALSE
food-preparation-and-serving,chefs-and-head-cooks,https://www.bls.gov/ooh/food-preparation-and-serving/chefs-and-head-cooks.htm,Chefs and Head Cooks,"$62,470     per year
                                        $30.03     per hour",High school diploma or equivalent,5 years or more,None,220300,7% (Much faster than average),14400,25200,"$50,980",3%,"August 27, 2026",62470,7,220300,14400,25200,50980,3,High school diploma or equivalent,High school diploma or equivalent,11.438946890603722,1440,0.9428571428571428,11490,TRUE
food-preparation-and-serving,cooks,https://www.bls.gov/ooh/food-preparation-and-serving/cooks.htm,Cooks,"$36,640     per year
                                        $17.62     per hour",See How to Become One,See How to Become One,See How to Become One,2705800,7% (Much faster than average),183200,393200,NA,3%,"August 27, 2026",36640,7,2705800,183200,393200,50980,3,See How to Become One,NA,14.531746618375342,18320,0.9534079348931841,-14340,FALSE
management,food-service-managers,https://www.bls.gov/ooh/management/food-service-managers.htm,Food Service Managers,"$69,390     per year
                                        $33.36     per hour",High school diploma or equivalent,Less than 5 years,Short-term on-the-job training,344300,6% (Faster than average),19900,38800,"$50,980",3%,"August 27, 2026",69390,6,344300,19900,38800,50980,3,High school diploma or equivalent,High school diploma or equivalent,11.269241940168458,1990,0.9487113402061855,18410,TRUE
food-preparation-and-serving,food-and-beverage-serving-and-related-workers,https://www.bls.gov/ooh/food-preparation-and-serving/food-and-beverage-serving-and-related-workers.htm,Food and Beverage Serving and Related Workers,"$31,710     per year
                                        $15.24     per hour",No formal educational credential,None,Short-term on-the-job training,5143000,5% (Faster than average),280800,1078500,NA,3%,"August 27, 2026",31710,5,5143000,280800,1078500,50980,3,No formal educational credential,No formal educational credential,20.970250826365934,28080,0.9739638386648123,-19270,FALSE
personal-care-and-service,barbers-hairstylists-and-cosmetologists,https://www.bls.gov/ooh/personal-care-and-service/barbers-hairstylists-and-cosmetologists.htm,"Barbers, Hairstylists, and Cosmetologists","$35,880     per year
                                        $17.25     per hour",Postsecondary nondegree award,None,None,670800,7% (Much faster than average),48400,80300,NA,3%,"August 27, 2026",35880,7,670800,48400,80300,50980,3,Postsecondary nondegree award,Postsecondary nondegree award,11.970781156827668,4840,0.9397260273972603,-15100,FALSE
food-preparation-and-serving,bartenders,https://www.bls.gov/ooh/food-preparation-and-serving/bartenders.htm,Bartenders,"$34,340     per year
                                        $16.51     per hour",No formal educational credential,None,Short-term on-the-job training,762600,5% (Faster than average),37900,121200,NA,3%,"August 27, 2026",34340,5,762600,37900,121200,50980,3,No formal educational credential,No formal educational credential,15.892997639653816,3790,0.9687293729372938,-16640,FALSE
protective-service,recreational-protective-service-workers,https://www.bls.gov/ooh/protective-service/recreational-protective-service-workers.htm,Recreational Protective Service Workers,"$33,580     per year
                                        $16.14     per hour",No formal educational credential,None,Short-term on-the-job training,162000,5% (Faster than average),8900,45400,"$50,980",3%,"August 27, 2026",33580,5,162000,8900,45400,50980,3,No formal educational credential,No formal educational credential,28.02469135802469,890,0.9803964757709251,-17400,FALSE
construction-and-extraction,carpenters,https://www.bls.gov/ooh/construction-and-extraction/carpenters.htm,Carpenters,"$60,580     per year
                                        $29.12     per hour",High school diploma or equivalent,None,Apprenticeship,889700,4% (As fast as average),35000,62800,"$50,980",3%,"August 27, 2026",60580,4,889700,35000,62800,50980,3,High school diploma or equivalent,High school diploma or equivalent,7.058559064853322,3500,0.9442675159235668,9600,TRUE
office-and-administrative-support,material-recording-clerks,https://www.bls.gov/ooh/office-and-administrative-support/material-recording-clerks.htm,Material Recording Clerks,"$47,600     per year
                                        $22.89     per hour",High school diploma or equivalent,None,See How to Become One,1273500,-6% (Decline),-70300,98600,"$50,980",3%,"August 27, 2026",47600,-6,1273500,-70300,98600,50980,3,High school diploma or equivalent,High school diploma or equivalent,7.742442088731841,-7030,1,-3380,FALSE
management,lodging-managers,https://www.bls.gov/ooh/management/lodging-managers.htm,Lodging Managers,"$69,250     per year
                                        $33.29     per hour",High school diploma or equivalent,Less than 5 years,None,54800,4% (As fast as average),2100,5500,"$50,980",3%,"August 27, 2026",69250,4,54800,2100,5500,50980,3,High school diploma or equivalent,High school diploma or equivalent,10.036496350364963,210,0.9618181818181818,18270,TRUE
production,butchers-and-meat-cutters,https://www.bls.gov/ooh/production/butchers-and-meat-cutters.htm,"Meat, Poultry, and Fish Processing Workers","$39,190     per year
                                        $18.84     per hour",No formal educational credential,None,See How to Become One,359300,4% (As fast as average),13300,39800,"$50,980",3%,"August 27, 2026",39190,4,359300,13300,39800,50980,3,No formal educational credential,No formal educational credential,11.077094350125243,1330,0.9665829145728643,-11790,FALSE
healthcare,psychiatric-technicians-and-aides,https://www.bls.gov/ooh/healthcare/psychiatric-technicians-and-aides.htm,Psychiatric Technicians and Aides,"$45,100     per year
                                        $21.68     per hour",See How to Become One,See How to Become One,Short-term on-the-job training,198400,18% (Much faster than average),36700,21900,"$50,980",3%,"August 27, 2026",45100,18,198400,36700,21900,50980,3,See How to Become One,NA,11.038306451612904,3670,0.8324200913242009,-5880,FALSE
business-and-financial,compensation-benefits-and-job-analysis-specialists,https://www.bls.gov/ooh/business-and-financial/compensation-benefits-and-job-analysis-specialists.htm,"Compensation, Benefits, and Job Analysis Specialists","$78,210     per year
                                        $37.60     per hour",Bachelor's degree,Less than 5 years,None,118100,6% (Faster than average),7100,9000,"$50,980",3%,"August 27, 2026",78210,6,118100,7100,9000,50980,3,Bachelor's degree,Bachelor's degree,7.6206604572396275,710,0.9211111111111111,27230,TRUE
architecture-and-engineering,biomedical-engineers,https://www.bls.gov/ooh/architecture-and-engineering/biomedical-engineers.htm,Bioengineers and Biomedical Engineers,"$109,370     per year
                                        $52.58     per hour",Bachelor's degree,None,None,23800,8% (Much faster than average),1800,1200,"$50,980",3%,"August 27, 2026",109370,8,23800,1800,1200,50980,3,Bachelor's degree,Bachelor's degree,5.042016806722689,180,0.85,58390,TRUE
life-physical-and-social-science,biochemists-and-biophysicists,https://www.bls.gov/ooh/life-physical-and-social-science/biochemists-and-biophysicists.htm,Biochemists and Biophysicists,"$127,410     per year
                                        $61.26     per hour",Doctoral or professional degree,None,None,35200,12% (Much faster than average),4300,2900,"$50,980",3%,"August 27, 2026",127410,12,35200,4300,2900,50980,3,Doctoral or professional degree,Doctoral or professional degree,8.238636363636363,430,0.8517241379310345,76430,TRUE
healthcare,clinical-laboratory-technologists-and-technicians,https://www.bls.gov/ooh/healthcare/clinical-laboratory-technologists-and-technicians.htm,Clinical Laboratory Technologists and Technicians,"$62,930     per year
                                        $30.26     per hour",Bachelor's degree,None,None,343000,3% (As fast as average),9400,20800,"$50,980",3%,"August 27, 2026",62930,3,343000,9400,20800,50980,3,Bachelor's degree,Bachelor's degree,6.0641399416909625,940,0.9548076923076924,11950,TRUE
installation-maintenance-and-repair,diesel-service-technicians-and-mechanics,https://www.bls.gov/ooh/installation-maintenance-and-repair/diesel-service-technicians-and-mechanics.htm,Diesel Service Technicians and Mechanics,"$61,770     per year
                                        $29.70     per hour",High school diploma or equivalent,None,Long-term on-the-job training,316000,4% (As fast as average),11400,24400,"$50,980",3%,"August 27, 2026",61770,4,316000,11400,24400,50980,3,High school diploma or equivalent,High school diploma or equivalent,7.7215189873417724,1140,0.9532786885245902,10790,TRUE
life-physical-and-social-science,geographers,https://www.bls.gov/ooh/life-physical-and-social-science/geographers.htm,Geographers,"$102,040     per year
                                        $49.06     per hour",Bachelor's degree,None,None,1500,-2% (Decline),0,100,"$50,980",3%,"August 27, 2026",102040,-2,1500,0,100,50980,3,Bachelor's degree,Bachelor's degree,6.666666666666667,0,1,51060,TRUE
installation-maintenance-and-repair,medical-equipment-repairers,https://www.bls.gov/ooh/installation-maintenance-and-repair/medical-equipment-repairers.htm,Medical Equipment Repairers,"$61,660     per year
                                        $29.64     per hour",Associate's degree,None,Moderate-term on-the-job training,71800,13% (Much faster than average),9100,8200,"$50,980",3%,"August 27, 2026",61660,13,71800,9100,8200,50980,3,Associate's degree,Associate's degree,11.420612813370473,910,0.8890243902439025,10680,TRUE
healthcare,home-health-aides-and-personal-care-aides,https://www.bls.gov/ooh/healthcare/home-health-aides-and-personal-care-aides.htm,Home Health and Personal Care Aides,"$35,800     per year
                                        $17.21     per hour",High school diploma or equivalent,None,Short-term on-the-job training,4677100,18% (Much faster than average),847300,760500,"$50,980",3%,"August 27, 2026",35800,18,4677100,847300,760500,50980,3,High school diploma or equivalent,High school diploma or equivalent,16.260075687926278,84730,0.888586456278764,-15180,FALSE
transportation-and-material-moving,delivery-truck-drivers-and-driver-sales-workers,https://www.bls.gov/ooh/transportation-and-material-moving/delivery-truck-drivers-and-driver-sales-workers.htm,Delivery Truck Drivers and Driver/Sales Workers,"$43,950     per year
                                        $21.13     per hour",High school diploma or equivalent,None,Short-term on-the-job training,1511400,7% (Much faster than average),103000,152700,"$50,980",3%,"August 27, 2026",43950,7,1511400,103000,152700,50980,3,High school diploma or equivalent,High school diploma or equivalent,10.103215561730845,10300,0.9325474787164375,-7030,FALSE
construction-and-extraction,insulation-workers,https://www.bls.gov/ooh/construction-and-extraction/insulation-workers.htm,Insulation Workers,"$51,330     per year
                                        $24.68     per hour",See How to Become One,None,See How to Become One,71900,3% (As fast as average),2500,4800,"$50,980",3%,"August 27, 2026",51330,3,71900,2500,4800,50980,3,See How to Become One,NA,6.675938803894297,250,0.9479166666666666,350,TRUE
production,stationary-engineers-and-boiler-operators,https://www.bls.gov/ooh/production/stationary-engineers-and-boiler-operators.htm,Stationary Engineers and Boiler Operators,"$78,620     per year
                                        $37.80     per hour",High school diploma or equivalent,None,Long-term on-the-job training,31200,3% (As fast as average),1000,3200,"$50,980",3%,"August 27, 2026",78620,3,31200,1000,3200,50980,3,High school diploma or equivalent,High school diploma or equivalent,10.256410256410257,100,0.96875,27640,TRUE
construction-and-extraction,boilermakers,https://www.bls.gov/ooh/construction-and-extraction/boilermakers.htm,Boilermakers,"$76,410     per year
                                        $36.74     per hour",High school diploma or equivalent,None,Apprenticeship,10200,-2% (Decline),-200,700,"$50,980",3%,"August 27, 2026",76410,-2,10200,-200,700,50980,3,High school diploma or equivalent,High school diploma or equivalent,6.862745098039215,-20,1,25430,TRUE
media-and-communication,reporters-correspondents-and-broadcast-news-analysts,https://www.bls.gov/ooh/media-and-communication/reporters-correspondents-and-broadcast-news-analysts.htm,"News Analysts, Reporters, and Journalists","$62,200     per year
                                        $29.91     per hour",Bachelor's degree,None,None,47100,-6% (Decline),-2800,3400,"$50,980",3%,"August 27, 2026",62200,-6,47100,-2800,3400,50980,3,Bachelor's degree,Bachelor's degree,7.218683651804671,-280,1,11220,TRUE
arts-and-design,craft-and-fine-artists,https://www.bls.gov/ooh/arts-and-design/craft-and-fine-artists.htm,Craft and Fine Artists,"$55,290     per year
                                        $26.58     per hour",See How to Become One,None,Long-term on-the-job training,53400,-1% (Decline),-300,4300,"$50,980",3%,"August 27, 2026",55290,-1,53400,-300,4300,50980,3,See How to Become One,NA,8.05243445692884,-30,1,4310,TRUE
education-training-and-library,library-technicians-and-assistants,https://www.bls.gov/ooh/education-training-and-library/library-technicians-and-assistants.htm,Library Technicians and Assistants,"$38,760     per year
                                        $18.64     per hour",See How to Become One,None,See How to Become One,162300,-6% (Decline),-10400,23100,NA,3%,"August 27, 2026",38760,-6,162300,-10400,23100,50980,3,See How to Become One,NA,14.232902033271719,-1040,1,-12220,FALSE
protective-service,police-and-detectives,https://www.bls.gov/ooh/protective-service/police-and-detectives.htm,Police and Detectives,"$77,310     per year
                                        $37.17     per hour",See How to Become One,See How to Become One,Moderate-term on-the-job training,824200,3% (As fast as average),24200,60100,"$50,980",3%,"August 27, 2026",77310,3,824200,24200,60100,50980,3,See How to Become One,NA,7.291919437029847,2420,0.9597337770382696,26330,TRUE
sales,wholesale-and-manufacturing-sales-representatives,https://www.bls.gov/ooh/sales/wholesale-and-manufacturing-sales-representatives.htm,Wholesale and Manufacturing Sales Representatives,"$76,460     per year
                                        $36.76     per hour",See How to Become One,None,Moderate-term on-the-job training,1571400,0% (Little or no change),-7700,123400,"$50,980",3%,"August 27, 2026",76460,0,1571400,-7700,123400,50980,3,See How to Become One,NA,7.852870052182767,-770,1,25480,TRUE
business-and-financial,loan-officers,https://www.bls.gov/ooh/business-and-financial/loan-officers.htm,Loan Officers,"$76,690     per year
                                        $36.87     per hour",Bachelor's degree,Less than 5 years,Moderate-term on-the-job training,283000,1% (Slower than average),3100,17100,"$50,980",3%,"August 27, 2026",76690,1,283000,3100,17100,50980,3,Bachelor's degree,Bachelor's degree,6.042402826855124,310,0.9818713450292398,25710,TRUE
construction-and-extraction,structural-iron-and-steel-workers,https://www.bls.gov/ooh/construction-and-extraction/structural-iron-and-steel-workers.htm,Ironworkers,"$61,910     per year
                                        $29.77     per hour",High school diploma or equivalent,None,Apprenticeship,84800,1% (Slower than average),1300,6800,"$50,980",3%,"August 27, 2026",61910,1,84800,1300,6800,50980,3,High school diploma or equivalent,High school diploma or equivalent,8.018867924528301,130,0.9808823529411764,10930,TRUE
construction-and-extraction,painters-construction-and-maintenance,https://www.bls.gov/ooh/construction-and-extraction/painters-construction-and-maintenance.htm,"Painters, Construction and Maintenance","$49,400     per year
                                        $23.75     per hour",No formal educational credential,None,Moderate-term on-the-job training,326900,3% (As fast as average),9800,24900,"$50,980",3%,"August 27, 2026",49400,3,326900,9800,24900,50980,3,No formal educational credential,No formal educational credential,7.617008259406546,980,0.9606425702811245,-1580,FALSE
entertainment-and-sports,producers-and-directors,https://www.bls.gov/ooh/entertainment-and-sports/producers-and-directors.htm,Producers and Directors,"$90,360     per year
                                        $43.44     per hour",Bachelor's degree,Less than 5 years,None,181000,4% (As fast as average),7300,12100,"$50,980",3%,"August 27, 2026",90360,4,181000,7300,12100,50980,3,Bachelor's degree,Bachelor's degree,6.685082872928176,730,0.9396694214876034,39380,TRUE
business-and-financial,budget-analysts,https://www.bls.gov/ooh/business-and-financial/budget-analysts.htm,Budget Analysts,"$91,640     per year
                                        $44.06     per hour",Bachelor's degree,None,None,50400,2% (Slower than average),1000,2900,"$50,980",3%,"August 27, 2026",91640,2,50400,1000,2900,50980,3,Bachelor's degree,Bachelor's degree,5.753968253968254,100,0.9655172413793104,40660,TRUE
building-and-grounds-cleaning,janitors-and-building-cleaners,https://www.bls.gov/ooh/building-and-grounds-cleaning/janitors-and-building-cleaners.htm,Janitors and Building Cleaners,"$36,840     per year
                                        $17.71     per hour",No formal educational credential,None,Short-term on-the-job training,2432600,2% (Slower than average),53600,321800,NA,3%,"August 27, 2026",36840,2,2432600,53600,321800,50980,3,No formal educational credential,No formal educational credential,13.228644248951738,5360,0.9833436917339963,-14140,FALSE
installation-maintenance-and-repair,general-maintenance-and-repair-workers,https://www.bls.gov/ooh/installation-maintenance-and-repair/general-maintenance-and-repair-workers.htm,General Maintenance and Repair Workers,"$49,590     per year
                                        $23.84     per hour",High school diploma or equivalent,None,Moderate-term on-the-job training,1621800,4% (As fast as average),68600,148700,"$50,980",3%,"August 27, 2026",49590,4,1621800,68600,148700,50980,3,High school diploma or equivalent,High school diploma or equivalent,9.168824762609447,6860,0.953866845998655,-1390,FALSE
office-and-administrative-support,postal-service-workers,https://www.bls.gov/ooh/office-and-administrative-support/postal-service-workers.htm,Postal Service Workers,"$59,880     per year
                                        $28.79     per hour",No formal educational credential,None,Short-term on-the-job training,488500,-1% (Decline),-6400,32200,"$50,980",3%,"August 27, 2026",59880,-1,488500,-6400,32200,50980,3,No formal educational credential,No formal educational credential,6.591606960081883,-640,1,8900,TRUE
transportation-and-material-moving,bus-drivers,https://www.bls.gov/ooh/transportation-and-material-moving/bus-drivers.htm,Bus Drivers,"$49,390     per year
                                        $23.75     per hour",High school diploma or equivalent,None,See How to Become One,563200,2% (Slower than average),9800,77600,"$50,980",3%,"August 27, 2026",49390,2,563200,9800,77600,50980,3,High school diploma or equivalent,High school diploma or equivalent,13.778409090909092,980,0.9873711340206186,-1590,FALSE
business-and-financial,management-analysts,https://www.bls.gov/ooh/business-and-financial/management-analysts.htm,Management Analysts,"$101,860     per year
                                        $48.97     per hour",Bachelor's degree,Less than 5 years,None,1077100,10% (Much faster than average),109200,94100,"$50,980",3%,"August 27, 2026",101860,10,1077100,109200,94100,50980,3,Bachelor's degree,Bachelor's degree,8.736421873549345,10920,0.8839532412327311,50880,TRUE
math,data-scientists,https://www.bls.gov/ooh/math/data-scientists.htm,Data Scientists,"$120,230     per year
                                        $57.80     per hour",Bachelor's degree,None,None,275600,35% (Much faster than average),95400,24800,"$50,980",3%,"August 27, 2026",120230,35,275600,95400,24800,50980,3,Bachelor's degree,Bachelor's degree,8.99854862119013,9540,0.6153225806451612,69250,TRUE
healthcare,nursing-assistants,https://www.bls.gov/ooh/healthcare/nursing-assistants.htm,Nursing Assistants and Orderlies,"$41,870     per year
                                        $20.13     per hour",See How to Become One,None,See How to Become One,1558700,3% (As fast as average),41100,203300,"$50,980",3%,"August 27, 2026",41870,3,1558700,41100,203300,50980,3,See How to Become One,NA,13.042920382369923,4110,0.9797835710772258,-9110,FALSE
installation-maintenance-and-repair,telecommunications-equipment-installers-and-repairers-except-line-installers,https://www.bls.gov/ooh/installation-maintenance-and-repair/telecommunications-equipment-installers-and-repairers-except-line-installers.htm,Telecommunications Technicians,"$66,200     per year
                                        $31.83     per hour",See How to Become One,None,See How to Become One,257800,-3% (Decline),-8100,20300,"$50,980",3%,"August 27, 2026",66200,-3,257800,-8100,20300,50980,3,See How to Become One,NA,7.874321179208689,-810,1,15220,TRUE
architecture-and-engineering,cartographers-and-photogrammetrists,https://www.bls.gov/ooh/architecture-and-engineering/cartographers-and-photogrammetrists.htm,Cartographers and Photogrammetrists,"$81,390     per year
                                        $39.13     per hour",Bachelor's degree,None,None,14700,7% (Much faster than average),1100,900,"$50,980",3%,"August 27, 2026",81390,7,14700,1100,900,50980,3,Bachelor's degree,Bachelor's degree,6.122448979591836,110,0.8777777777777778,30410,TRUE
installation-maintenance-and-repair,calibration-technologists-and-technicians,https://www.bls.gov/ooh/installation-maintenance-and-repair/calibration-technologists-and-technicians.htm,Calibration Technologists and Technicians,"$67,820     per year
                                        $32.61     per hour",Associate's degree,None,None,17000,5% (Faster than average),800,1500,"$50,980",3%,"August 27, 2026",67820,5,17000,800,1500,50980,3,Associate's degree,Associate's degree,8.823529411764707,80,0.9466666666666667,16840,TRUE
business-and-financial,fundraisers,https://www.bls.gov/ooh/business-and-financial/fundraisers.htm,Fundraisers,"$72,550     per year
                                        $34.88     per hour",Bachelor's degree,None,None,140900,6% (Faster than average),7800,10000,"$50,980",3%,"August 27, 2026",72550,6,140900,7800,10000,50980,3,Bachelor's degree,Bachelor's degree,7.097232079488999,780,0.922,21570,TRUE
personal-care-and-service,recreation-workers,https://www.bls.gov/ooh/personal-care-and-service/recreation-workers.htm,Recreation Workers,"$36,560     per year
                                        $17.58     per hour",High school diploma or equivalent,None,Short-term on-the-job training,346900,4% (As fast as average),15000,67000,"$50,980",3%,"August 27, 2026",36560,4,346900,15000,67000,50980,3,High school diploma or equivalent,High school diploma or equivalent,19.31392332084174,1500,0.9776119402985075,-14420,FALSE
healthcare,health-information-technologists-and-medical-registrars,https://www.bls.gov/ooh/healthcare/health-information-technologists-and-medical-registrars.htm,Health Information Technologists and Medical Registrars,"$68,020     per year
                                        $32.70     per hour",Associate's degree,None,None,42000,16% (Much faster than average),6700,3000,"$50,980",3%,"August 27, 2026",68020,16,42000,6700,3000,50980,3,Associate's degree,Associate's degree,7.142857142857143,670,0.7766666666666666,17040,TRUE
life-physical-and-social-science,medical-scientists,https://www.bls.gov/ooh/life-physical-and-social-science/medical-scientists.htm,Medical Scientists,"$103,410     per year
                                        $49.72     per hour",Doctoral or professional degree,None,None,181000,13% (Much faster than average),22700,10500,"$50,980",3%,"August 27, 2026",103410,13,181000,22700,10500,50980,3,Doctoral or professional degree,Doctoral or professional degree,5.801104972375691,2270,0.7838095238095238,52430,TRUE
healthcare,diagnostic-medical-sonographers,https://www.bls.gov/ooh/healthcare/diagnostic-medical-sonographers.htm,Diagnostic Medical Sonographers,"$96,590     per year
                                        $46.44     per hour",Associate's degree,None,None,92200,14% (Much faster than average),12900,6000,"$50,980",3%,"August 27, 2026",96590,14,92200,12900,6000,50980,3,Associate's degree,Associate's degree,6.507592190889371,1290,0.785,45610,TRUE
healthcare,cardiovascular-technologists-and-technicians,https://www.bls.gov/ooh/healthcare/cardiovascular-technologists-and-technicians.htm,Cardiovascular Technologists and Technicians,"$74,310     per year
                                        $35.73     per hour",Associate's degree,None,None,64500,4% (As fast as average),2400,3400,"$50,980",3%,"August 27, 2026",74310,4,64500,2400,3400,50980,3,Associate's degree,Associate's degree,5.271317829457364,240,0.9294117647058824,23330,TRUE
healthcare,physical-therapists,https://www.bls.gov/ooh/healthcare/physical-therapists.htm,Physical Therapists,"$102,760     per year
                                        $49.40     per hour",Doctoral or professional degree,None,None,283700,12% (Much faster than average),33800,13400,"$50,980",3%,"August 27, 2026",102760,12,283700,33800,13400,50980,3,Doctoral or professional degree,Doctoral or professional degree,4.723299259781459,3380,0.7477611940298508,51780,TRUE
construction-and-extraction,tile-and-marble-setters,https://www.bls.gov/ooh/construction-and-extraction/tile-and-marble-setters.htm,Flooring Installers and Tile and Stone Setters,"$54,390     per year
                                        $26.15     per hour",No formal educational credential,None,See How to Become One,97000,4% (As fast as average),4300,6400,"$50,980",3%,"August 27, 2026",54390,4,97000,4300,6400,50980,3,No formal educational credential,No formal educational credential,6.597938144329897,430,0.9328125,3410,TRUE
architecture-and-engineering,surveying-and-mapping-technicians,https://www.bls.gov/ooh/architecture-and-engineering/surveying-and-mapping-technicians.htm,Surveying and Mapping Technicians,"$54,240     per year
                                        $26.08     per hour",High school diploma or equivalent,None,Moderate-term on-the-job training,58800,6% (Faster than average),3400,6900,"$50,980",3%,"August 27, 2026",54240,6,58800,3400,6900,50980,3,High school diploma or equivalent,High school diploma or equivalent,11.73469387755102,340,0.9507246376811594,3260,TRUE
sales,cashiers,https://www.bls.gov/ooh/sales/cashiers.htm,Cashiers,"$32,880     per year
                                        $15.81     per hour",No formal educational credential,None,Short-term on-the-job training,3106300,-6% (Decline),-200600,521300,NA,3%,"August 27, 2026",32880,-6,3106300,-200600,521300,50980,3,No formal educational credential,No formal educational credential,16.78202362939832,-20060,1,-18100,FALSE
business-and-financial,purchasing-managers-buyers-and-purchasing-agents,https://www.bls.gov/ooh/business-and-financial/purchasing-managers-buyers-and-purchasing-agents.htm,"Purchasing Managers, Buyers, and Purchasing Agents","$81,670     per year
                                        $39.27     per hour",Bachelor's degree,See How to Become One,See How to Become One,604400,6% (Faster than average),34400,53600,"$50,980",3%,"August 27, 2026",81670,6,604400,34400,53600,50980,3,Bachelor's degree,Bachelor's degree,8.868299139642621,3440,0.9358208955223881,30690,TRUE
healthcare,registered-nurses,https://www.bls.gov/ooh/healthcare/registered-nurses.htm,Registered Nurses,"$97,550     per year
                                        $46.90     per hour",Bachelor's degree,None,None,3465400,6% (Faster than average),194700,180800,"$50,980",3%,"August 27, 2026",97550,6,3465400,194700,180800,50980,3,Bachelor's degree,Bachelor's degree,5.217290933225602,19470,0.8923119469026548,46570,TRUE
healthcare,dental-assistants,https://www.bls.gov/ooh/healthcare/dental-assistants.htm,Dental Assistants,"$48,070     per year
                                        $23.11     per hour",Postsecondary nondegree award,None,None,388600,7% (Much faster than average),28800,53000,"$50,980",3%,"August 27, 2026",48070,7,388600,28800,53000,50980,3,Postsecondary nondegree award,Postsecondary nondegree award,13.63870303654143,2880,0.9456603773584906,-2910,FALSE
protective-service,correctional-officers,https://www.bls.gov/ooh/protective-service/correctional-officers.htm,Correctional Officers and Bailiffs,"$58,850     per year
                                        $28.30     per hour",High school diploma or equivalent,None,Moderate-term on-the-job training,415800,-7% (Decline),-29900,30000,"$50,980",3%,"August 27, 2026",58850,-7,415800,-29900,30000,50980,3,High school diploma or equivalent,High school diploma or equivalent,7.215007215007215,-2990,1,7870,TRUE
community-and-social-service,health-educators,https://www.bls.gov/ooh/community-and-social-service/health-educators.htm,Health Education Specialists,"$64,070     per year
                                        $30.80     per hour",Bachelor's degree,None,None,70400,6% (Faster than average),3900,6900,"$50,980",3%,"August 27, 2026",64070,6,70400,3900,6900,50980,3,Bachelor's degree,Bachelor's degree,9.801136363636363,390,0.9434782608695652,13090,TRUE
business-and-financial,personal-financial-advisors,https://www.bls.gov/ooh/business-and-financial/personal-financial-advisors.htm,Personal Financial Advisors,"$105,070     per year
                                        $50.51     per hour",Bachelor's degree,None,Long-term on-the-job training,299400,1% (Slower than average),4100,17100,"$50,980",3%,"August 27, 2026",105070,1,299400,4100,17100,50980,3,Bachelor's degree,Bachelor's degree,5.7114228456913825,410,0.9760233918128655,54090,TRUE
healthcare,genetic-counselors,https://www.bls.gov/ooh/healthcare/genetic-counselors.htm,Genetic Counselors,"$100,040     per year
                                        $48.09     per hour",Master's degree,None,None,4200,10% (Much faster than average),400,300,"$50,980",3%,"August 27, 2026",100040,10,4200,400,300,50980,3,Master's degree,Master's degree,7.142857142857143,40,0.8666666666666667,49060,TRUE
healthcare,occupational-health-and-safety-specialists-and-technicians,https://www.bls.gov/ooh/healthcare/occupational-health-and-safety-specialists-and-technicians.htm,Occupational Health and Safety Specialists and Technicians,"$83,740     per year
                                        $40.26     per hour",See How to Become One,None,See How to Become One,174300,19% (Much faster than average),32500,20900,"$50,980",3%,"August 27, 2026",83740,19,174300,32500,20900,50980,3,See How to Become One,NA,11.990820424555364,3250,0.8444976076555024,32760,TRUE
arts-and-design,interior-designers,https://www.bls.gov/ooh/arts-and-design/interior-designers.htm,Interior Designers,"$67,190     per year
                                        $32.31     per hour",Bachelor's degree,None,None,97100,3% (As fast as average),2600,7700,"$50,980",3%,"August 27, 2026",67190,3,97100,2600,7700,50980,3,Bachelor's degree,Bachelor's degree,7.929969104016478,260,0.9662337662337662,16210,TRUE
protective-service,private-detectives-and-investigators,https://www.bls.gov/ooh/protective-service/private-detectives-and-investigators.htm,Private Detectives and Investigators,"$51,220     per year
                                        $24.62     per hour",High school diploma or equivalent,Less than 5 years,Moderate-term on-the-job training,39500,5% (Faster than average),2200,3200,"$50,980",3%,"August 27, 2026",51220,5,39500,2200,3200,50980,3,High school diploma or equivalent,High school diploma or equivalent,8.10126582278481,220,0.93125,240,TRUE
healthcare,medical-dosimetrists,https://www.bls.gov/ooh/healthcare/medical-dosimetrists.htm,Medical Dosimetrists,"$147,470     per year
                                        $70.90     per hour",Bachelor's degree,None,None,3500,5% (Faster than average),200,200,"$50,980",3%,"August 27, 2026",147470,5,3500,200,200,50980,3,Bachelor's degree,Bachelor's degree,5.714285714285714,20,0.9,96490,TRUE
healthcare,medical-transcriptionists,https://www.bls.gov/ooh/healthcare/medical-transcriptionists.htm,Medical Transcriptionists,"$40,410     per year
                                        $19.43     per hour",Postsecondary nondegree award,None,None,42000,-4% (Decline),-1900,6200,"$50,980",3%,"August 27, 2026",40410,-4,42000,-1900,6200,50980,3,Postsecondary nondegree award,Postsecondary nondegree award,14.761904761904763,-190,1,-10570,FALSE
business-and-financial,meeting-convention-and-event-planners,https://www.bls.gov/ooh/business-and-financial/meeting-convention-and-event-planners.htm,"Meeting, Convention, and Event Planners","$61,160     per year
                                        $29.41     per hour",Bachelor's degree,None,None,172100,6% (Faster than average),10000,16800,"$50,980",3%,"August 27, 2026",61160,6,172100,10000,16800,50980,3,Bachelor's degree,Bachelor's degree,9.761766414875073,1000,0.9404761904761905,10180,TRUE
personal-care-and-service,funeral-service-occupations,https://www.bls.gov/ooh/personal-care-and-service/funeral-service-occupations.htm,Funeral Service Workers,"$61,410     per year
                                        $29.52     per hour",Associate's degree,See How to Become One,See How to Become One,61500,4% (As fast as average),2200,5600,"$50,980",3%,"August 27, 2026",61410,4,61500,2200,5600,50980,3,Associate's degree,Associate's degree,9.105691056910569,220,0.9607142857142857,10430,TRUE
healthcare,nuclear-medicine-technologists,https://www.bls.gov/ooh/healthcare/nuclear-medicine-technologists.htm,Nuclear Medicine Technologists,"$101,370     per year
                                        $48.74     per hour",Associate's degree,None,None,17400,4% (As fast as average),800,800,"$50,980",3%,"August 27, 2026",101370,4,17400,800,800,50980,3,Associate's degree,Associate's degree,4.597701149425287,80,0.9,50390,TRUE
healthcare,occupational-therapy-assistants-and-aides,https://www.bls.gov/ooh/healthcare/occupational-therapy-assistants-and-aides.htm,Occupational Therapy Assistants and Aides,"$70,800     per year
                                        $34.04     per hour",See How to Become One,None,See How to Become One,56600,20% (Much faster than average),11400,8600,"$50,980",3%,"August 27, 2026",70800,20,56600,11400,8600,50980,3,See How to Become One,NA,15.19434628975265,1140,0.8674418604651163,19820,TRUE
healthcare,opticians-dispensing,https://www.bls.gov/ooh/healthcare/opticians-dispensing.htm,Opticians,"$47,260     per year
                                        $22.72     per hour",High school diploma or equivalent,None,Long-term on-the-job training,74300,4% (As fast as average),3100,5600,"$50,980",3%,"August 27, 2026",47260,4,74300,3100,5600,50980,3,High school diploma or equivalent,High school diploma or equivalent,7.537012113055182,310,0.9446428571428571,-3720,FALSE
building-and-grounds-cleaning,grounds-maintenance-workers,https://www.bls.gov/ooh/building-and-grounds-cleaning/grounds-maintenance-workers.htm,Grounds Maintenance Workers,"$40,080     per year
                                        $19.27     per hour",See How to Become One,None,See How to Become One,1299200,5% (Faster than average),60100,162500,NA,3%,"August 27, 2026",40080,5,1299200,60100,162500,50980,3,See How to Become One,NA,12.507697044334975,6010,0.9630153846153846,-10900,FALSE
healthcare,pharmacy-technicians,https://www.bls.gov/ooh/healthcare/pharmacy-technicians.htm,Pharmacy Technicians,"$45,750     per year
                                        $22.00     per hour",High school diploma or equivalent,None,Moderate-term on-the-job training,471200,6% (Faster than average),30100,44700,"$50,980",3%,"August 27, 2026",45750,6,471200,30100,44700,50980,3,High school diploma or equivalent,High school diploma or equivalent,9.486417657045841,3010,0.932662192393736,-5230,FALSE
healthcare,phlebotomists,https://www.bls.gov/ooh/healthcare/phlebotomists.htm,Phlebotomists,"$45,230     per year
                                        $21.75     per hour",Postsecondary nondegree award,None,None,143900,7% (Much faster than average),9800,18000,"$50,980",3%,"August 27, 2026",45230,7,143900,9800,18000,50980,3,Postsecondary nondegree award,Postsecondary nondegree award,12.50868658790827,980,0.9455555555555556,-5750,FALSE
healthcare,recreational-therapists,https://www.bls.gov/ooh/healthcare/recreational-therapists.htm,Recreational Therapists,"$61,960     per year
                                        $29.79     per hour",Bachelor's degree,None,None,15600,5% (Faster than average),800,1400,"$50,980",3%,"August 27, 2026",61960,5,15600,800,1400,50980,3,Bachelor's degree,Bachelor's degree,8.974358974358974,80,0.9428571428571428,10980,TRUE
community-and-social-service,rehabilitation-counselors,https://www.bls.gov/ooh/community-and-social-service/rehabilitation-counselors.htm,Rehabilitation Counselors,"$46,850     per year
                                        $22.52     per hour",Master's degree,None,None,96900,2% (Slower than average),2200,8200,"$50,980",3%,"August 27, 2026",46850,2,96900,2200,8200,50980,3,Master's degree,Master's degree,8.46233230134159,220,0.973170731707317,-4130,FALSE
healthcare,respiratory-therapists,https://www.bls.gov/ooh/healthcare/respiratory-therapists.htm,Respiratory Therapists,"$82,280     per year
                                        $39.56     per hour",Associate's degree,None,None,142000,9% (Much faster than average),12100,8600,"$50,980",3%,"August 27, 2026",82280,9,142000,12100,8600,50980,3,Associate's degree,Associate's degree,6.056338028169014,1210,0.8593023255813954,31300,TRUE
healthcare,surgical-technologists,https://www.bls.gov/ooh/healthcare/surgical-technologists.htm,Surgical Assistants and Technologists,"$64,700     per year
                                        $31.10     per hour",Postsecondary nondegree award,None,None,142800,5% (Faster than average),7400,8600,"$50,980",3%,"August 27, 2026",64700,5,142800,7400,8600,50980,3,Postsecondary nondegree award,Postsecondary nondegree award,6.022408963585434,740,0.913953488372093,13720,TRUE
healthcare,veterinary-technologists-and-technicians,https://www.bls.gov/ooh/healthcare/veterinary-technologists-and-technicians.htm,Veterinary Technologists and Technicians,"$47,380     per year
                                        $22.78     per hour",Associate's degree,None,None,131400,9% (Much faster than average),12300,13400,"$50,980",3%,"August 27, 2026",47380,9,131400,12300,13400,50980,3,Associate's degree,Associate's degree,10.197869101978691,1230,0.9082089552238806,-3600,FALSE
construction-and-extraction,electricians,https://www.bls.gov/ooh/construction-and-extraction/electricians.htm,Electricians,"$63,190     per year
                                        $30.38     per hour",High school diploma or equivalent,None,Apprenticeship,821000,9% (Much faster than average),75900,72700,"$50,980",3%,"August 27, 2026",63190,9,821000,75900,72700,50980,3,High school diploma or equivalent,High school diploma or equivalent,8.855054811205846,7590,0.8955983493810179,12210,TRUE
management,medical-and-health-services-managers,https://www.bls.gov/ooh/management/medical-and-health-services-managers.htm,Medical and Health Services Managers,"$123,860     per year
                                        $59.55     per hour",Bachelor's degree,Less than 5 years,None,640400,24% (Much faster than average),155100,62300,"$50,980",3%,"August 27, 2026",123860,24,640400,155100,62300,50980,3,Bachelor's degree,Bachelor's degree,9.728294815740162,15510,0.7510433386837881,72880,TRUE
community-and-social-service,marriage-and-family-therapists,https://www.bls.gov/ooh/community-and-social-service/marriage-and-family-therapists.htm,Marriage and Family Therapists,"$66,940     per year
                                        $32.18     per hour",Master's degree,None,Internship/residency,76300,14% (Much faster than average),10300,6900,"$50,980",3%,"August 27, 2026",66940,14,76300,10300,6900,50980,3,Master's degree,Master's degree,9.043250327653997,1030,0.8507246376811595,15960,TRUE
management,preschool-and-childcare-center-directors,https://www.bls.gov/ooh/management/preschool-and-childcare-center-directors.htm,Preschool and Childcare Center Directors,"$59,300     per year
                                        $28.51     per hour",Bachelor's degree,Less than 5 years,None,91900,-3% (Decline),-2900,5200,"$50,980",3%,"August 27, 2026",59300,-3,91900,-2900,5200,50980,3,Bachelor's degree,Bachelor's degree,5.658324265505985,-290,1,8320,TRUE
management,social-and-community-service-managers,https://www.bls.gov/ooh/management/social-and-community-service-managers.htm,Social and Community Service Managers,"$80,390     per year
                                        $38.65     per hour",Bachelor's degree,Less than 5 years,None,231000,7% (Much faster than average),16600,18500,"$50,980",3%,"August 27, 2026",80390,7,231000,16600,18500,50980,3,Bachelor's degree,Bachelor's degree,8.008658008658008,1660,0.9102702702702703,29410,TRUE
healthcare,podiatrists,https://www.bls.gov/ooh/healthcare/podiatrists.htm,Podiatrists,"$160,300     per year
                                        $77.07     per hour",Doctoral or professional degree,None,Internship/residency,10000,2% (Slower than average),200,200,"$50,980",3%,"August 27, 2026",160300,2,10000,200,200,50980,3,Doctoral or professional degree,Doctoral or professional degree,2,20,0.9,109320,TRUE
healthcare,chiropractors,https://www.bls.gov/ooh/healthcare/chiropractors.htm,Chiropractors,"$79,200     per year
                                        $38.08     per hour",Doctoral or professional degree,None,None,61700,9% (Much faster than average),5300,2600,"$50,980",3%,"August 27, 2026",79200,9,61700,5300,2600,50980,3,Doctoral or professional degree,Doctoral or professional degree,4.213938411669368,530,0.7961538461538462,28220,TRUE
entertainment-and-sports,music-directors-and-composers,https://www.bls.gov/ooh/entertainment-and-sports/music-directors-and-composers.htm,Music Directors and Composers,"$73,710     per year
                                        $35.44     per hour",Bachelor's degree,Less than 5 years,None,51100,1% (Slower than average),600,4200,"$50,980",3%,"August 27, 2026",73710,1,51100,600,4200,50980,3,Bachelor's degree,Bachelor's degree,8.219178082191782,60,0.9857142857142858,22730,TRUE
community-and-social-service,community-health-workers,https://www.bls.gov/ooh/community-and-social-service/community-health-workers.htm,Community Health Workers,"$51,850     per year
                                        $24.93     per hour",High school diploma or equivalent,None,Short-term on-the-job training,64700,13% (Much faster than average),8200,7000,"$50,980",3%,"August 27, 2026",51850,13,64700,8200,7000,50980,3,High school diploma or equivalent,High school diploma or equivalent,10.819165378670789,820,0.8828571428571429,870,TRUE
business-and-financial,tax-examiners-and-collectors-and-revenue-agents,https://www.bls.gov/ooh/business-and-financial/tax-examiners-and-collectors-and-revenue-agents.htm,"Tax Examiners and Collectors, and Revenue Agents","$62,370     per year
                                        $29.98     per hour",Bachelor's degree,None,Moderate-term on-the-job training,60100,-1% (Decline),-600,4400,"$50,980",3%,"August 27, 2026",62370,-1,60100,-600,4400,50980,3,Bachelor's degree,Bachelor's degree,7.321131447587354,-60,1,11390,TRUE
life-physical-and-social-science,urban-and-regional-planners,https://www.bls.gov/ooh/life-physical-and-social-science/urban-and-regional-planners.htm,Urban and Regional Planners,"$89,320     per year
                                        $42.94     per hour",Master's degree,None,None,45800,4% (As fast as average),1800,3200,"$50,980",3%,"August 27, 2026",89320,4,45800,1800,3200,50980,3,Master's degree,Master's degree,6.986899563318778,180,0.94375,38340,TRUE
architecture-and-engineering,surveyors,https://www.bls.gov/ooh/architecture-and-engineering/surveyors.htm,Surveyors,"$75,440     per year
                                        $36.27     per hour",Bachelor's degree,None,Internship/residency,52000,6% (Faster than average),3000,3100,"$50,980",3%,"August 27, 2026",75440,6,52000,3000,3100,50980,3,Bachelor's degree,Bachelor's degree,5.961538461538462,300,0.9032258064516129,24460,TRUE
architecture-and-engineering,civil-engineering-technicians,https://www.bls.gov/ooh/architecture-and-engineering/civil-engineering-technicians.htm,Civil Engineering Technologists and Technicians,"$64,950     per year
                                        $31.23     per hour",Associate's degree,None,None,70900,3% (As fast as average),2300,6100,"$50,980",3%,"August 27, 2026",64950,3,70900,2300,6100,50980,3,Associate's degree,Associate's degree,8.603667136812412,230,0.9622950819672131,13970,TRUE
production,semiconductor-processing-technicians,https://www.bls.gov/ooh/production/semiconductor-processing-technicians.htm,Semiconductor Processing Technicians,"$51,430     per year
                                        $24.73     per hour",High school diploma or equivalent,None,Moderate-term on-the-job training,31200,8% (Much faster than average),2600,3400,"$50,980",3%,"August 27, 2026",51430,8,31200,2600,3400,50980,3,High school diploma or equivalent,High school diploma or equivalent,10.897435897435898,260,0.9235294117647059,450,TRUE
healthcare,dietitians-and-nutritionists,https://www.bls.gov/ooh/healthcare/dietitians-and-nutritionists.htm,Dietitians and Nutritionists,"$76,400     per year
                                        $36.73     per hour",Bachelor's degree,None,Internship/residency,86300,8% (Much faster than average),6700,5700,"$50,980",3%,"August 27, 2026",76400,8,86300,6700,5700,50980,3,Bachelor's degree,Bachelor's degree,6.6048667439165705,670,0.8824561403508772,25420,TRUE
life-physical-and-social-science,epidemiologists,https://www.bls.gov/ooh/life-physical-and-social-science/epidemiologists.htm,Epidemiologists,"$87,220     per year
                                        $41.93     per hour",Master's degree,None,None,12800,19% (Much faster than average),2400,800,"$50,980",3%,"August 27, 2026",87220,19,12800,2400,800,50980,3,Master's degree,Master's degree,6.25,240,0.7,36240,TRUE
healthcare,physical-therapist-assistants-and-aides,https://www.bls.gov/ooh/healthcare/physical-therapist-assistants-and-aides.htm,Physical Therapist Assistants and Aides,"$61,200     per year
                                        $29.42     per hour",See How to Become One,None,See How to Become One,163200,17% (Much faster than average),28200,24900,"$50,980",3%,"August 27, 2026",61200,17,163200,28200,24900,50980,3,See How to Become One,NA,15.257352941176471,2820,0.8867469879518073,10220,TRUE
transportation-and-material-moving,railroad-occupations,https://www.bls.gov/ooh/transportation-and-material-moving/railroad-occupations.htm,Railroad Workers,"$78,820     per year
                                        $37.90     per hour",High school diploma or equivalent,See How to Become One,Moderate-term on-the-job training,80500,1% (Slower than average),600,6100,"$50,980",3%,"August 27, 2026",78820,1,80500,600,6100,50980,3,High school diploma or equivalent,High school diploma or equivalent,7.577639751552795,60,0.9901639344262295,27840,TRUE
food-preparation-and-serving,waiters-and-waitresses,https://www.bls.gov/ooh/food-preparation-and-serving/waiters-and-waitresses.htm,Waiters and Waitresses,"$35,230     per year
                                        $16.94     per hour",No formal educational credential,None,Short-term on-the-job training,2284400,2% (Slower than average),46500,423100,NA,3%,"August 27, 2026",35230,2,2284400,46500,423100,50980,3,No formal educational credential,No formal educational credential,18.52127473297146,4650,0.9890096903805247,-15750,FALSE
farming-fishing-and-forestry,logging-workers,https://www.bls.gov/ooh/farming-fishing-and-forestry/logging-workers.htm,Logging Workers,"$49,660     per year
                                        $23.88     per hour",High school diploma or equivalent,None,Moderate-term on-the-job training,40400,-5% (Decline),-1800,5000,"$50,980",3%,"August 27, 2026",49660,-5,40400,-1800,5000,50980,3,High school diploma or equivalent,High school diploma or equivalent,12.376237623762377,-180,1,-1320,FALSE
sales,securities-commodities-and-financial-services-sales-agents,https://www.bls.gov/ooh/sales/securities-commodities-and-financial-services-sales-agents.htm,"Securities, Commodities, and Financial Services Sales Agents","$78,660     per year
                                        $37.82     per hour",Bachelor's degree,None,Moderate-term on-the-job training,531000,1% (Slower than average),7500,35100,"$50,980",3%,"August 27, 2026",78660,1,531000,7500,35100,50980,3,Bachelor's degree,Bachelor's degree,6.610169491525424,750,0.9786324786324786,27680,TRUE
management,public-relations-managers,https://www.bls.gov/ooh/management/public-relations-managers.htm,Public Relations and Fundraising Managers,"$136,470     per year
                                        $65.61     per hour",Bachelor's degree,5 years or more,None,129600,6% (Faster than average),7200,9800,"$50,980",3%,"August 27, 2026",136470,6,129600,7200,9800,50980,3,Bachelor's degree,Bachelor's degree,7.561728395061729,720,0.926530612244898,85490,TRUE
management,compensation-and-benefits-managers,https://www.bls.gov/ooh/management/compensation-and-benefits-managers.htm,Compensation and Benefits Managers,"$149,230     per year
                                        $71.75     per hour",Bachelor's degree,5 years or more,None,23700,1% (Slower than average),300,1600,"$50,980",3%,"August 27, 2026",149230,1,23700,300,1600,50980,3,Bachelor's degree,Bachelor's degree,6.751054852320675,30,0.98125,98250,TRUE
office-and-administrative-support,customer-service-representatives,https://www.bls.gov/ooh/office-and-administrative-support/customer-service-representatives.htm,Customer Service Representatives,"$44,770     per year
                                        $21.53     per hour",High school diploma or equivalent,None,Short-term on-the-job training,2666000,-5% (Decline),-141800,289500,NA,3%,"August 27, 2026",44770,-5,2666000,-141800,289500,50980,3,High school diploma or equivalent,High school diploma or equivalent,10.858964741185297,-14180,1,-6210,FALSE
construction-and-extraction,roofers,https://www.bls.gov/ooh/construction-and-extraction/roofers.htm,Roofers,"$55,440     per year
                                        $26.65     per hour",No formal educational credential,None,Moderate-term on-the-job training,166900,5% (Faster than average),8800,12000,"$50,980",3%,"August 27, 2026",55440,5,166900,8800,12000,50980,3,No formal educational credential,No formal educational credential,7.189934092270821,880,0.9266666666666666,4460,TRUE
computer-and-information-technology,computer-and-information-research-scientists,https://www.bls.gov/ooh/computer-and-information-technology/computer-and-information-research-scientists.htm,Computer and Information Research Scientists,"$140,300     per year
                                        $67.45     per hour",Master's degree,None,None,38600,22% (Much faster than average),8400,2900,"$50,980",3%,"August 27, 2026",140300,22,38600,8400,2900,50980,3,Master's degree,Master's degree,7.512953367875648,840,0.7103448275862069,89320,TRUE
healthcare,radiologic-technologists,https://www.bls.gov/ooh/healthcare/radiologic-technologists.htm,Radiologic and MRI Technologists,"$81,390     per year
                                        $39.13     per hour",Associate's degree,See How to Become One,None,278100,5% (Faster than average),15100,15300,"$50,980",3%,"August 27, 2026",81390,5,278100,15100,15300,50980,3,Associate's degree,Associate's degree,5.501618122977346,1510,0.9013071895424837,30410,TRUE
computer-and-information-technology,computer-support-specialists,https://www.bls.gov/ooh/computer-and-information-technology/computer-support-specialists.htm,Computer Support Specialists,"$62,890     per year
                                        $30.24     per hour",See How to Become One,None,Moderate-term on-the-job training,903100,-3% (Decline),-24300,48700,"$50,980",3%,"August 27, 2026",62890,-3,903100,-24300,48700,50980,3,See How to Become One,NA,5.392536817628169,-2430,1,11910,TRUE
architecture-and-engineering,computer-hardware-engineers,https://www.bls.gov/ooh/architecture-and-engineering/computer-hardware-engineers.htm,Computer Hardware Engineers,"$161,740     per year
                                        $77.76     per hour",Bachelor's degree,None,None,76100,9% (Much faster than average),6900,4100,"$50,980",3%,"August 27, 2026",161740,9,76100,6900,4100,50980,3,Bachelor's degree,Bachelor's degree,5.387647831800263,690,0.8317073170731707,110760,TRUE
computer-and-information-technology,computer-network-architects,https://www.bls.gov/ooh/computer-and-information-technology/computer-network-architects.htm,Computer Network Architects,"$134,050     per year
                                        $64.45     per hour",Bachelor's degree,5 years or more,None,181800,8% (Much faster than average),14100,9600,"$50,980",3%,"August 27, 2026",134050,8,181800,14100,9600,50980,3,Bachelor's degree,Bachelor's degree,5.2805280528052805,1410,0.853125,83070,TRUE
computer-and-information-technology,information-security-analysts,https://www.bls.gov/ooh/computer-and-information-technology/information-security-analysts.htm,Information Security Analysts,"$129,180     per year
                                        $62.11     per hour",Bachelor's degree,Less than 5 years,None,192900,21% (Much faster than average),40600,14100,"$50,980",3%,"August 27, 2026",129180,21,192900,40600,14100,50980,3,Bachelor's degree,Bachelor's degree,7.309486780715397,4060,0.7120567375886524,78200,TRUE
business-and-financial,training-and-development-specialists,https://www.bls.gov/ooh/business-and-financial/training-and-development-specialists.htm,Training and Development Specialists,"$69,280     per year
                                        $33.31     per hour",Bachelor's degree,Less than 5 years,None,472500,11% (Much faster than average),51100,46000,"$50,980",3%,"August 27, 2026",69280,11,472500,51100,46000,50980,3,Bachelor's degree,Bachelor's degree,9.735449735449736,5110,0.8889130434782608,18300,TRUE
life-physical-and-social-science,conservation-scientists,https://www.bls.gov/ooh/life-physical-and-social-science/conservation-scientists.htm,Conservation Scientists and Foresters,"$73,920     per year
                                        $35.54     per hour",Bachelor's degree,None,None,40900,4% (As fast as average),1700,3000,"$50,980",3%,"August 27, 2026",73920,4,40900,1700,3000,50980,3,Bachelor's degree,Bachelor's degree,7.334963325183374,170,0.9433333333333334,22940,TRUE
management,construction-managers,https://www.bls.gov/ooh/management/construction-managers.htm,Construction Managers,"$114,990     per year
                                        $55.28     per hour",Bachelor's degree,None,Moderate-term on-the-job training,609100,9% (Much faster than average),55200,49700,"$50,980",3%,"August 27, 2026",114990,9,609100,55200,49700,50980,3,Bachelor's degree,Bachelor's degree,8.159579707765555,5520,0.888933601609658,64010,TRUE
business-and-financial,cost-estimators,https://www.bls.gov/ooh/business-and-financial/cost-estimators.htm,Cost Estimators,"$78,740     per year
                                        $37.86     per hour",Bachelor's degree,None,Moderate-term on-the-job training,226400,-3% (Decline),-6900,17600,"$50,980",3%,"August 27, 2026",78740,-3,226400,-6900,17600,50980,3,Bachelor's degree,Bachelor's degree,7.773851590106007,-690,1,27760,TRUE
management,postsecondary-education-administrators,https://www.bls.gov/ooh/management/postsecondary-education-administrators.htm,Postsecondary Education Administrators,"$104,590     per year
                                        $50.29     per hour",Master's degree,Less than 5 years,None,231800,2% (Slower than average),4100,14500,"$50,980",3%,"August 27, 2026",104590,2,231800,4100,14500,50980,3,Master's degree,Master's degree,6.255392579810181,410,0.9717241379310345,53610,TRUE
business-and-financial,financial-analysts,https://www.bls.gov/ooh/business-and-financial/financial-analysts.htm,Financial Analysts,"$103,570     per year
                                        $49.79     per hour",Bachelor's degree,None,None,443100,7% (Much faster than average),32000,29500,"$50,980",3%,"August 27, 2026",103570,7,443100,32000,29500,50980,3,Bachelor's degree,Bachelor's degree,6.65763935906116,3200,0.8915254237288136,52590,TRUE
business-and-financial,human-resources-specialists,https://www.bls.gov/ooh/business-and-financial/human-resources-specialists.htm,Human Resources Specialists,"$75,940     per year
                                        $36.51     per hour",Bachelor's degree,None,None,939700,6% (Faster than average),60100,73700,"$50,980",3%,"August 27, 2026",75940,6,939700,60100,73700,50980,3,Bachelor's degree,Bachelor's degree,7.842928594232202,6010,0.9184531886024423,24960,TRUE
community-and-social-service,probation-officers-and-correctional-treatment-specialists,https://www.bls.gov/ooh/community-and-social-service/probation-officers-and-correctional-treatment-specialists.htm,Probation Officers and Correctional Treatment Specialists,"$66,270     per year
                                        $31.86     per hour",Bachelor's degree,None,Moderate-term on-the-job training,93700,3% (As fast as average),2800,7900,"$50,980",3%,"August 27, 2026",66270,3,93700,2800,7900,50980,3,Bachelor's degree,Bachelor's degree,8.431163287086447,280,0.9645569620253165,15290,TRUE
arts-and-design,floral-designers,https://www.bls.gov/ooh/arts-and-design/floral-designers.htm,Floral Designers,"$37,360     per year
                                        $17.96     per hour",High school diploma or equivalent,None,Moderate-term on-the-job training,45200,-6% (Decline),-2500,5200,"$50,980",3%,"August 27, 2026",37360,-6,45200,-2500,5200,50980,3,High school diploma or equivalent,High school diploma or equivalent,11.504424778761061,-250,1,-13620,FALSE
legal,court-reporters,https://www.bls.gov/ooh/legal/court-reporters.htm,Court Reporters and Simultaneous Captioners,"$72,420     per year
                                        $34.82     per hour",Postsecondary nondegree award,None,Short-term on-the-job training,19900,0% (Little or no change),0,1800,"$50,980",3%,"August 27, 2026",72420,0,19900,0,1800,50980,3,Postsecondary nondegree award,Postsecondary nondegree award,9.045226130653266,0,1,21440,TRUE
business-and-financial,credit-counselors,https://www.bls.gov/ooh/business-and-financial/credit-counselors.htm,Credit Counselors,"$52,230     per year
                                        $25.11     per hour",Bachelor's degree,None,Moderate-term on-the-job training,31200,3% (As fast as average),1000,2000,"$50,980",3%,"August 27, 2026",52230,3,31200,1000,2000,50980,3,Bachelor's degree,Bachelor's degree,6.410256410256411,100,0.95,1250,TRUE
life-physical-and-social-science,sociologists,https://www.bls.gov/ooh/life-physical-and-social-science/sociologists.htm,Sociologists,"$106,030     per year
                                        $50.98     per hour",Master's degree,None,None,2700,4% (As fast as average),100,200,"$50,980",3%,"August 27, 2026",106030,4,2700,100,200,50980,3,Master's degree,Master's degree,7.407407407407407,10,0.95,55050,TRUE
life-physical-and-social-science,geological-and-petroleum-technicians,https://www.bls.gov/ooh/life-physical-and-social-science/geological-and-petroleum-technicians.htm,Geological and Hydrologic Technicians,"$57,150     per year
                                        $27.48     per hour",Associate's degree,None,Moderate-term on-the-job training,10300,2% (Slower than average),200,1400,"$50,980",3%,"August 27, 2026",57150,2,10300,200,1400,50980,3,Associate's degree,Associate's degree,13.592233009708737,20,0.9857142857142858,6170,TRUE
personal-care-and-service,tour-and-travel-guides,https://www.bls.gov/ooh/personal-care-and-service/tour-and-travel-guides.htm,Tour and Travel Guides,"$38,120     per year
                                        $18.33     per hour",High school diploma or equivalent,None,Moderate-term on-the-job training,62200,6% (Faster than average),3900,11900,"$50,980",3%,"August 27, 2026",38120,6,62200,3900,11900,50980,3,High school diploma or equivalent,High school diploma or equivalent,19.131832797427652,390,0.9672268907563025,-12860,FALSE
life-physical-and-social-science,geoscientists,https://www.bls.gov/ooh/life-physical-and-social-science/geoscientists.htm,Geoscientists,"$101,920     per year
                                        $49.00     per hour",Bachelor's degree,None,None,25400,5% (Faster than average),1300,1800,"$50,980",3%,"August 27, 2026",101920,5,25400,1300,1800,50980,3,Bachelor's degree,Bachelor's degree,7.086614173228346,130,0.9277777777777778,50940,TRUE
media-and-communication,film-and-video-editors-and-camera-operators,https://www.bls.gov/ooh/media-and-communication/film-and-video-editors-and-camera-operators.htm,Film and Video Editors and Camera Operators,"$75,100     per year
                                        $36.10     per hour",Bachelor's degree,None,None,72000,3% (As fast as average),1900,5600,"$50,980",3%,"August 27, 2026",75100,3,72000,1900,5600,50980,3,Bachelor's degree,Bachelor's degree,7.777777777777778,190,0.9660714285714286,24120,TRUE
education-training-and-library,instructional-coordinators,https://www.bls.gov/ooh/education-training-and-library/instructional-coordinators.htm,Instructional Coordinators,"$77,440     per year
                                        $37.23     per hour",Master's degree,5 years or more,None,248700,2% (Slower than average),4100,23100,"$50,980",3%,"August 27, 2026",77440,2,248700,4100,23100,50980,3,Master's degree,Master's degree,9.288299155609169,410,0.9822510822510823,26460,TRUE
healthcare,massage-therapists,https://www.bls.gov/ooh/healthcare/massage-therapists.htm,Massage Therapists,"$58,450     per year
                                        $28.10     per hour",Postsecondary nondegree award,None,None,155400,15% (Much faster than average),23700,20400,"$50,980",3%,"August 27, 2026",58450,15,155400,23700,20400,50980,3,Postsecondary nondegree award,Postsecondary nondegree award,13.127413127413128,2370,0.8838235294117647,7470,TRUE
food-preparation-and-serving,food-preparation-workers,https://www.bls.gov/ooh/food-preparation-and-serving/food-preparation-workers.htm,Food Preparation Workers,"$35,320     per year
                                        $16.98     per hour",No formal educational credential,None,Short-term on-the-job training,908500,-3% (Decline),-27200,135700,NA,3%,"August 27, 2026",35320,-3,908500,-27200,135700,50980,3,No formal educational credential,No formal educational credential,14.936708860759493,-2720,1,-15660,FALSE
healthcare,dental-hygienists,https://www.bls.gov/ooh/healthcare/dental-hygienists.htm,Dental Hygienists,"$98,100     per year
                                        $47.16     per hour",Associate's degree,None,None,225300,8% (Much faster than average),17900,15000,"$50,980",3%,"August 27, 2026",98100,8,225300,17900,15000,50980,3,Associate's degree,Associate's degree,6.657789613848203,1790,0.8806666666666667,47120,TRUE
healthcare,dentists,https://www.bls.gov/ooh/healthcare/dentists.htm,Dentists,"$176,110     per year
                                        $84.67     per hour",Doctoral or professional degree,None,See How to Become One,161400,6% (Faster than average),9000,4800,"$50,980",3%,"August 27, 2026",176110,6,161400,9000,4800,50980,3,Doctoral or professional degree,Doctoral or professional degree,2.973977695167286,900,0.8125,125130,TRUE
construction-and-extraction,oil-and-gas-workers,https://www.bls.gov/ooh/construction-and-extraction/oil-and-gas-workers.htm,Oil and Gas Workers,"$51,650     per year
                                        $24.83     per hour",No formal educational credential,See How to Become One,See How to Become One,112700,2% (Slower than average),2400,9900,"$50,980",3%,"August 27, 2026",51650,2,112700,2400,9900,50980,3,No formal educational credential,No formal educational credential,8.784383318544808,240,0.9757575757575757,670,TRUE
business-and-financial,project-management-specialists,https://www.bls.gov/ooh/business-and-financial/project-management-specialists.htm,Project Management Specialists,"$102,320     per year
                                        $49.19     per hour",Bachelor's degree,None,None,1094300,7% (Much faster than average),73200,76500,"$50,980",3%,"August 27, 2026",102320,7,1094300,73200,76500,50980,3,Bachelor's degree,Bachelor's degree,6.990770355478388,7320,0.9043137254901961,51340,TRUE
office-and-administrative-support,desktop-publishers,https://www.bls.gov/ooh/office-and-administrative-support/desktop-publishers.htm,Desktop Publishers,"$55,290     per year
                                        $26.58     per hour",Associate's degree,None,Short-term on-the-job training,4600,-14% (Decline),-700,300,"$50,980",3%,"August 27, 2026",55290,-14,4600,-700,300,50980,3,Associate's degree,Associate's degree,6.521739130434782,-70,1,4310,TRUE
life-physical-and-social-science,psychologists,https://www.bls.gov/ooh/life-physical-and-social-science/psychologists.htm,Psychologists,"$99,110     per year
                                        $47.65     per hour",See How to Become One,None,Internship/residency,209400,6% (Faster than average),11600,11300,"$50,980",3%,"August 27, 2026",99110,6,209400,11600,11300,50980,3,See How to Become One,NA,5.396370582617001,1160,0.8973451327433628,48130,TRUE
production,jewelers-and-precious-stone-and-metal-workers,https://www.bls.gov/ooh/production/jewelers-and-precious-stone-and-metal-workers.htm,Jewelers and Precious Stone and Metal Workers,"$52,540     per year
                                        $25.26     per hour",High school diploma or equivalent,None,Long-term on-the-job training,32800,-3% (Decline),-1100,3700,"$50,980",3%,"August 27, 2026",52540,-3,32800,-1100,3700,50980,3,High school diploma or equivalent,High school diploma or equivalent,11.28048780487805,-110,1,1560,TRUE
computer-and-information-technology,web-developers,https://www.bls.gov/ooh/computer-and-information-technology/web-developers.htm,Web Developers and Digital Designers,"$99,520     per year
                                        $47.85     per hour",Bachelor's degree,None,None,220100,5% (Faster than average),11300,13600,"$50,980",3%,"August 27, 2026",99520,5,220100,11300,13600,50980,3,Bachelor's degree,Bachelor's degree,6.179009541117674,1130,0.9169117647058823,48540,TRUE
management,emergency-management-directors,https://www.bls.gov/ooh/management/emergency-management-directors.htm,Emergency Management Directors,"$93,330     per year
                                        $44.87     per hour",Bachelor's degree,5 years or more,None,14000,4% (As fast as average),500,1100,"$50,980",3%,"August 27, 2026",93330,4,14000,500,1100,50980,3,Bachelor's degree,Bachelor's degree,7.857142857142857,50,0.9545454545454546,42350,TRUE
management,sales-managers,https://www.bls.gov/ooh/management/sales-managers.htm,Sales Managers,"$148,270     per year
                                        $71.28     per hour",Bachelor's degree,Less than 5 years,None,650100,4% (As fast as average),29000,47300,"$50,980",3%,"August 27, 2026",148270,4,650100,29000,47300,50980,3,Bachelor's degree,Bachelor's degree,7.2758037225042305,2900,0.9386892177589852,97290,TRUE
healthcare,optometrists,https://www.bls.gov/ooh/healthcare/optometrists.htm,Optometrists,"$136,570     per year
                                        $65.66     per hour",Doctoral or professional degree,None,None,45100,10% (Much faster than average),4300,2000,"$50,980",3%,"August 27, 2026",136570,10,45100,4300,2000,50980,3,Doctoral or professional degree,Doctoral or professional degree,4.434589800443459,430,0.785,85590,TRUE
management,training-and-development-managers,https://www.bls.gov/ooh/management/training-and-development-managers.htm,Training and Development Managers,"$133,000     per year
                                        $63.94     per hour",Bachelor's degree,5 years or more,None,50200,6% (Faster than average),3200,4100,"$50,980",3%,"August 27, 2026",133000,6,50200,3200,4100,50980,3,Bachelor's degree,Bachelor's degree,8.167330677290837,320,0.9219512195121952,82020,TRUE
education-training-and-library,special-education-teachers,https://www.bls.gov/ooh/education-training-and-library/special-education-teachers.htm,Special Education Teachers,"$67,170     per year",Bachelor's degree,None,None,584100,0% (Little or no change),-300,37100,"$50,980",3%,"August 27, 2026",67170,0,584100,-300,37100,50980,3,Bachelor's degree,Bachelor's degree,6.351652114363978,-30,1,16190,TRUE
education-training-and-library,preschool-teachers,https://www.bls.gov/ooh/education-training-and-library/preschool-teachers.htm,Preschool Teachers,"$38,140     per year
                                        $18.34     per hour",Associate's degree,None,None,583200,4% (As fast as average),26200,66700,"$50,980",3%,"August 27, 2026",38140,4,583200,26200,66700,50980,3,Associate's degree,Associate's degree,11.436899862825788,2620,0.9607196401799101,-12840,FALSE
life-physical-and-social-science,environmental-scientists-and-specialists,https://www.bls.gov/ooh/life-physical-and-social-science/environmental-scientists-and-specialists.htm,Environmental Scientists and Specialists,"$82,220     per year
                                        $39.53     per hour",Bachelor's degree,None,None,93400,6% (Faster than average),5700,7300,"$50,980",3%,"August 27, 2026",82220,6,93400,5700,7300,50980,3,Bachelor's degree,Bachelor's degree,7.815845824411135,570,0.9219178082191781,31240,TRUE
architecture-and-engineering,industrial-engineers,https://www.bls.gov/ooh/architecture-and-engineering/industrial-engineers.htm,Industrial Engineers,"$102,440     per year
                                        $49.25     per hour",Bachelor's degree,None,None,365100,12% (Much faster than average),45400,23100,"$50,980",3%,"August 27, 2026",102440,12,365100,45400,23100,50980,3,Bachelor's degree,Bachelor's degree,6.327033689400165,4540,0.8034632034632034,51460,TRUE
architecture-and-engineering,electro-mechanical-technicians,https://www.bls.gov/ooh/architecture-and-engineering/electro-mechanical-technicians.htm,Electro-mechanical and Mechatronics Technologists and Technicians,"$73,900     per year
                                        $35.53     per hour",Associate's degree,None,None,15700,3% (As fast as average),400,1400,"$50,980",3%,"August 27, 2026",73900,3,15700,400,1400,50980,3,Associate's degree,Associate's degree,8.9171974522293,40,0.9714285714285714,22920,TRUE
architecture-and-engineering,electrical-and-electronics-engineering-technicians,https://www.bls.gov/ooh/architecture-and-engineering/electrical-and-electronics-engineering-technicians.htm,Electrical and Electronic Engineering Technologists and Technicians,"$78,190     per year
                                        $37.59     per hour",Associate's degree,None,None,96900,2% (Slower than average),2300,8100,"$50,980",3%,"August 27, 2026",78190,2,96900,2300,8100,50980,3,Associate's degree,Associate's degree,8.359133126934985,230,0.971604938271605,27210,TRUE
installation-maintenance-and-repair,line-installers-and-repairers,https://www.bls.gov/ooh/installation-maintenance-and-repair/line-installers-and-repairers.htm,Electrical Power-Line Installers and Repairers,"$95,320     per year
                                        $45.83     per hour",High school diploma or equivalent,None,Long-term on-the-job training,131900,10% (Much faster than average),13600,10900,"$50,980",3%,"August 27, 2026",95320,10,131900,13600,10900,50980,3,High school diploma or equivalent,High school diploma or equivalent,8.263836239575436,1360,0.8752293577981651,44340,TRUE
personal-care-and-service,skincare-specialists,https://www.bls.gov/ooh/personal-care-and-service/skincare-specialists.htm,Skincare Specialists,"$45,330     per year
                                        $21.79     per hour",Postsecondary nondegree award,None,None,104200,9% (Much faster than average),9100,14200,NA,3%,"August 27, 2026",45330,9,104200,9100,14200,50980,3,Postsecondary nondegree award,Postsecondary nondegree award,13.62763915547025,910,0.9359154929577465,-5650,FALSE
management,elementary-middle-and-high-school-principals,https://www.bls.gov/ooh/management/elementary-middle-and-high-school-principals.htm,"Elementary, Middle, and High School Principals","$105,870     per year",Master's degree,5 years or more,None,343800,0% (Little or no change),-1200,20600,"$50,980",3%,"August 27, 2026",105870,0,343800,-1200,20600,50980,3,Master's degree,Master's degree,5.991855730075625,-120,1,54890,TRUE
construction-and-extraction,elevator-installers-and-repairers,https://www.bls.gov/ooh/construction-and-extraction/elevator-installers-and-repairers.htm,Elevator and Escalator Installers and Repairers,"$109,910     per year
                                        $52.84     per hour",High school diploma or equivalent,None,Apprenticeship,24700,6% (Faster than average),1400,1900,"$50,980",3%,"August 27, 2026",109910,6,24700,1400,1900,50980,3,High school diploma or equivalent,High school diploma or equivalent,7.6923076923076925,140,0.9263157894736842,58930,TRUE
management,human-resources-managers,https://www.bls.gov/ooh/management/human-resources-managers.htm,Human Resources Managers,"$149,280     per year
                                        $71.77     per hour",Bachelor's degree,5 years or more,None,224900,6% (Faster than average),12500,16800,"$50,980",3%,"August 27, 2026",149280,6,224900,12500,16800,50980,3,Bachelor's degree,Bachelor's degree,7.469986660738106,1250,0.9255952380952381,98300,TRUE
business-and-financial,labor-relations-specialists,https://www.bls.gov/ooh/business-and-financial/labor-relations-specialists.htm,Labor Relations Specialists,"$95,420     per year
                                        $45.87     per hour",Bachelor's degree,Less than 5 years,None,66300,2% (Slower than average),1400,4800,"$50,980",3%,"August 27, 2026",95420,2,66300,1400,4800,50980,3,Bachelor's degree,Bachelor's degree,7.239819004524887,140,0.9708333333333333,44440,TRUE
media-and-communication,public-relations-specialists,https://www.bls.gov/ooh/media-and-communication/public-relations-specialists.htm,Public Relations Specialists,"$74,750     per year
                                        $35.94     per hour",Bachelor's degree,None,None,314500,2% (Slower than average),5700,23000,"$50,980",3%,"August 27, 2026",74750,2,314500,5700,23000,50980,3,Bachelor's degree,Bachelor's degree,7.3131955484896665,570,0.9752173913043478,23770,TRUE
business-and-financial,appraisers-and-assessors-of-real-estate,https://www.bls.gov/ooh/business-and-financial/appraisers-and-assessors-of-real-estate.htm,Property Appraisers and Assessors,"$67,960     per year
                                        $32.67     per hour",Bachelor's degree,None,Long-term on-the-job training,68400,3% (As fast as average),2400,5200,"$50,980",3%,"August 27, 2026",67960,3,68400,2400,5200,50980,3,Bachelor's degree,Bachelor's degree,7.60233918128655,240,0.9538461538461538,16980,TRUE
building-and-grounds-cleaning,pest-control-workers,https://www.bls.gov/ooh/building-and-grounds-cleaning/pest-control-workers.htm,Pest Control Workers,"$45,250     per year
                                        $21.75     per hour",High school diploma or equivalent,None,Moderate-term on-the-job training,108700,6% (Faster than average),6000,13700,"$50,980",3%,"August 27, 2026",45250,6,108700,6000,13700,50980,3,High school diploma or equivalent,High school diploma or equivalent,12.603495860165593,600,0.9562043795620438,-5730,FALSE
personal-care-and-service,manicurists-and-pedicurists,https://www.bls.gov/ooh/personal-care-and-service/manicurists-and-pedicurists.htm,Manicurists and Pedicurists,"$35,760     per year
                                        $17.19     per hour",Postsecondary nondegree award,None,None,201800,9% (Much faster than average),18600,21900,NA,3%,"August 27, 2026",35760,9,201800,18600,21900,50980,3,Postsecondary nondegree award,Postsecondary nondegree award,10.852329038652131,1860,0.915068493150685,-15220,FALSE
protective-service,firefighters,https://www.bls.gov/ooh/protective-service/firefighters.htm,Firefighters,"$59,280     per year
                                        $28.50     per hour",Postsecondary nondegree award,None,Long-term on-the-job training,355300,4% (As fast as average),13100,26800,"$50,980",3%,"August 27, 2026",59280,4,355300,13100,26800,50980,3,Postsecondary nondegree award,Postsecondary nondegree award,7.5429214748100195,1310,0.9511194029850746,8300,TRUE
architecture-and-engineering,health-and-safety-engineers,https://www.bls.gov/ooh/architecture-and-engineering/health-and-safety-engineers.htm,Health and Safety Engineers,"$115,160     per year
                                        $55.36     per hour",Bachelor's degree,None,None,22300,5% (Faster than average),1200,1200,"$50,980",3%,"August 27, 2026",115160,5,22300,1200,1200,50980,3,Bachelor's degree,Bachelor's degree,5.381165919282512,120,0.9,64180,TRUE
construction-and-extraction,plumbers-pipefitters-and-steamfitters,https://www.bls.gov/ooh/construction-and-extraction/plumbers-pipefitters-and-steamfitters.htm,"Plumbers, Pipefitters, and Steamfitters","$63,800     per year
                                        $30.67     per hour",High school diploma or equivalent,None,Apprenticeship,510600,7% (Much faster than average),34500,42000,"$50,980",3%,"August 27, 2026",63800,7,510600,34500,42000,50980,3,High school diploma or equivalent,High school diploma or equivalent,8.225616921269095,3450,0.9178571428571428,12820,TRUE
farming-fishing-and-forestry,forest-and-conservation-workers,https://www.bls.gov/ooh/farming-fishing-and-forestry/forest-and-conservation-workers.htm,Forest and Conservation Workers,"$43,680     per year
                                        $21.00     per hour",High school diploma or equivalent,None,Moderate-term on-the-job training,14700,-2% (Decline),-200,2200,"$50,980",3%,"August 27, 2026",43680,-2,14700,-200,2200,50980,3,High school diploma or equivalent,High school diploma or equivalent,14.965986394557824,-20,1,-7300,FALSE
life-physical-and-social-science,historians,https://www.bls.gov/ooh/life-physical-and-social-science/historians.htm,Historians,"$76,750     per year
                                        $36.90     per hour",Master's degree,None,None,3800,3% (As fast as average),100,300,"$50,980",3%,"August 27, 2026",76750,3,3800,100,300,50980,3,Master's degree,Master's degree,7.894736842105263,10,0.9666666666666667,25770,TRUE
architecture-and-engineering,mining-and-geological-engineers,https://www.bls.gov/ooh/architecture-and-engineering/mining-and-geological-engineers.htm,Mining and Geological Engineers,"$106,220     per year
                                        $51.07     per hour",Bachelor's degree,None,None,6200,4% (As fast as average),200,300,"$50,980",3%,"August 27, 2026",106220,4,6200,200,300,50980,3,Bachelor's degree,Bachelor's degree,4.838709677419355,20,0.9333333333333333,55240,TRUE
construction-and-extraction,glaziers,https://www.bls.gov/ooh/construction-and-extraction/glaziers.htm,Glaziers,"$57,080     per year
                                        $27.44     per hour",High school diploma or equivalent,None,Apprenticeship,59200,2% (Slower than average),1100,3900,"$50,980",3%,"August 27, 2026",57080,2,59200,1100,3900,50980,3,High school diploma or equivalent,High school diploma or equivalent,6.587837837837838,110,0.9717948717948718,6100,TRUE
architecture-and-engineering,landscape-architects,https://www.bls.gov/ooh/architecture-and-engineering/landscape-architects.htm,Landscape Architects,"$79,870     per year
                                        $38.40     per hour",Bachelor's degree,None,Internship/residency,23500,4% (As fast as average),1000,1700,"$50,980",3%,"August 27, 2026",79870,4,23500,1000,1700,50980,3,Bachelor's degree,Bachelor's degree,7.23404255319149,100,0.9411764705882353,28890,TRUE
life-physical-and-social-science,political-scientists,https://www.bls.gov/ooh/life-physical-and-social-science/political-scientists.htm,Political Scientists,"$142,080     per year
                                        $68.31     per hour",Master's degree,None,None,6100,-2% (Decline),-100,400,"$50,980",3%,"August 27, 2026",142080,-2,6100,-100,400,50980,3,Master's degree,Master's degree,6.557377049180328,-10,1,91100,TRUE
arts-and-design,graphic-designers,https://www.bls.gov/ooh/arts-and-design/graphic-designers.htm,Graphic Designers,"$62,960     per year
                                        $30.27     per hour",Bachelor's degree,None,None,253100,-2% (Decline),-4200,16000,"$50,980",3%,"August 27, 2026",62960,-2,253100,-4200,16000,50980,3,Bachelor's degree,Bachelor's degree,6.321612011062821,-420,1,11980,TRUE
architecture-and-engineering,mechanical-engineering-technicians,https://www.bls.gov/ooh/architecture-and-engineering/mechanical-engineering-technicians.htm,Mechanical Engineering Technologists and Technicians,"$74,510     per year
                                        $35.82     per hour",Associate's degree,None,None,36900,1% (Slower than average),500,3100,"$50,980",3%,"August 27, 2026",74510,1,36900,500,3100,50980,3,Associate's degree,Associate's degree,8.401084010840108,50,0.9838709677419355,23530,TRUE
healthcare,medical-records-and-health-information-technicians,https://www.bls.gov/ooh/healthcare/medical-records-and-health-information-technicians.htm,Medical Records Specialists,"$51,140     per year
                                        $24.59     per hour",Postsecondary nondegree award,None,None,200700,8% (Much faster than average),15600,14000,"$50,980",3%,"August 27, 2026",51140,8,200700,15600,14000,50980,3,Postsecondary nondegree award,Postsecondary nondegree award,6.975585450921773,1560,0.8885714285714286,160,TRUE
sales,insurance-sales-agents,https://www.bls.gov/ooh/sales/insurance-sales-agents.htm,Insurance Sales Agents,"$62,280     per year
                                        $29.94     per hour",High school diploma or equivalent,None,Moderate-term on-the-job training,572600,3% (As fast as average),18800,43100,"$50,980",3%,"August 27, 2026",62280,3,572600,18800,43100,50980,3,High school diploma or equivalent,High school diploma or equivalent,7.527069507509605,1880,0.9563805104408353,11300,TRUE
education-training-and-library,high-school-teachers,https://www.bls.gov/ooh/education-training-and-library/high-school-teachers.htm,High School Teachers,"$72,040     per year",Bachelor's degree,None,None,1087500,0% (Little or no change),-2500,63500,"$50,980",3%,"August 27, 2026",72040,0,1087500,-2500,63500,50980,3,Bachelor's degree,Bachelor's degree,5.839080459770115,-250,1,21060,TRUE
production,power-plant-operators-distributors-and-dispatchers,https://www.bls.gov/ooh/production/power-plant-operators-distributors-and-dispatchers.htm,"Power Plant Operators, Distributors, and Dispatchers","$105,080     per year
                                        $50.52     per hour",High school diploma or equivalent,None,Long-term on-the-job training,43700,-4% (Decline),-1700,3400,"$50,980",3%,"August 27, 2026",105080,-4,43700,-1700,3400,50980,3,High school diploma or equivalent,High school diploma or equivalent,7.780320366132723,-170,1,54100,TRUE
life-physical-and-social-science,hydrologists,https://www.bls.gov/ooh/life-physical-and-social-science/hydrologists.htm,Hydrologists,"$96,600     per year
                                        $46.44     per hour",Bachelor's degree,None,None,6300,1% (Slower than average),100,400,"$50,980",3%,"August 27, 2026",96600,1,6300,100,400,50980,3,Bachelor's degree,Bachelor's degree,6.349206349206349,10,0.975,45620,TRUE
architecture-and-engineering,industrial-engineering-technicians,https://www.bls.gov/ooh/architecture-and-engineering/industrial-engineering-technicians.htm,Industrial Engineering Technologists and Technicians,"$66,120     per year
                                        $31.79     per hour",Associate's degree,None,None,76700,3% (As fast as average),2400,6600,"$50,980",3%,"August 27, 2026",66120,3,76700,2400,6600,50980,3,Associate's degree,Associate's degree,8.604954367666233,240,0.9636363636363636,15140,TRUE
management,industrial-production-managers,https://www.bls.gov/ooh/management/industrial-production-managers.htm,Industrial Production Managers,"$126,060     per year
                                        $60.61     per hour",Bachelor's degree,5 years or more,None,252100,3% (As fast as average),6500,17000,"$50,980",3%,"August 27, 2026",126060,3,252100,6500,17000,50980,3,Bachelor's degree,Bachelor's degree,6.743355811186038,650,0.961764705882353,75080,TRUE
production,water-and-wastewater-treatment-plant-and-system-operators,https://www.bls.gov/ooh/production/water-and-wastewater-treatment-plant-and-system-operators.htm,Water and Wastewater Treatment Plant and System Operators,"$60,020     per year
                                        $28.86     per hour",High school diploma or equivalent,None,Long-term on-the-job training,131000,-6% (Decline),-7500,10000,"$50,980",3%,"August 27, 2026",60020,-6,131000,-7500,10000,50980,3,High school diploma or equivalent,High school diploma or equivalent,7.633587786259542,-750,1,9040,TRUE
education-training-and-library,middle-school-teachers,https://www.bls.gov/ooh/education-training-and-library/middle-school-teachers.htm,Middle School Teachers,"$64,370     per year",Bachelor's degree,None,None,630100,0% (Little or no change),-2600,38800,"$50,980",3%,"August 27, 2026",64370,0,630100,-2600,38800,50980,3,Bachelor's degree,Bachelor's degree,6.157752737660688,-260,1,13390,TRUE
healthcare,veterinary-assistants-and-laboratory-animal-caretakers,https://www.bls.gov/ooh/healthcare/veterinary-assistants-and-laboratory-animal-caretakers.htm,Veterinary Assistants and Laboratory Animal Caretakers,"$38,150     per year
                                        $18.34     per hour",High school diploma or equivalent,None,Short-term on-the-job training,132100,9% (Much faster than average),12000,23200,"$50,980",3%,"August 27, 2026",38150,9,132100,12000,23200,50980,3,High school diploma or equivalent,High school diploma or equivalent,17.56245268735806,1200,0.9482758620689655,-12830,FALSE
computer-and-information-technology,network-and-computer-systems-administrators,https://www.bls.gov/ooh/computer-and-information-technology/network-and-computer-systems-administrators.htm,Network and Computer Systems Administrators,"$99,130     per year
                                        $47.66     per hour",Bachelor's degree,None,None,323600,-4% (Decline),-13200,13400,"$50,980",3%,"August 27, 2026",99130,-4,323600,-13200,13400,50980,3,Bachelor's degree,Bachelor's degree,4.140914709517923,-1320,1,48150,TRUE
healthcare,speech-language-pathologists,https://www.bls.gov/ooh/healthcare/speech-language-pathologists.htm,Speech-Language Pathologists,"$97,870     per year
                                        $47.05     per hour",Master's degree,None,Internship/residency,193400,17% (Much faster than average),32100,12500,"$50,980",3%,"August 27, 2026",97870,17,193400,32100,12500,50980,3,Master's degree,Master's degree,6.463288521199586,3210,0.7432000000000001,46890,TRUE
healthcare,licensed-practical-and-licensed-vocational-nurses,https://www.bls.gov/ooh/healthcare/licensed-practical-and-licensed-vocational-nurses.htm,Licensed Practical and Licensed Vocational Nurses,"$64,400     per year
                                        $30.96     per hour",Postsecondary nondegree award,None,None,666900,3% (As fast as average),19700,51800,"$50,980",3%,"August 27, 2026",64400,3,666900,19700,51800,50980,3,Postsecondary nondegree award,Postsecondary nondegree award,7.767281451491978,1970,0.961969111969112,13420,TRUE
business-and-financial,logisticians,https://www.bls.gov/ooh/business-and-financial/logisticians.htm,Logisticians,"$82,320     per year
                                        $39.58     per hour",Bachelor's degree,None,None,255100,18% (Much faster than average),44900,26600,"$50,980",3%,"August 27, 2026",82320,18,255100,44900,26600,50980,3,Bachelor's degree,Bachelor's degree,10.427283418267345,4490,0.831203007518797,31340,TRUE
architecture-and-engineering,marine-engineers-and-naval-architects,https://www.bls.gov/ooh/architecture-and-engineering/marine-engineers-and-naval-architects.htm,Marine Engineers and Naval Architects,"$112,230     per year
                                        $53.96     per hour",Bachelor's degree,None,None,8400,7% (Much faster than average),600,500,"$50,980",3%,"August 27, 2026",112230,7,8400,600,500,50980,3,Bachelor's degree,Bachelor's degree,5.9523809523809526,60,0.88,61250,TRUE
military,military-careers,https://www.bls.gov/ooh/military/military-careers.htm,Military Careers,NA,NA,NA,NA,NA,NA,NA,NA,NA,NA,"August 27, 2026",NA,NA,NA,NA,NA,50980,3,NA,NA,NA,NA,NA,NA,NA
architecture-and-engineering,petroleum-engineers,https://www.bls.gov/ooh/architecture-and-engineering/petroleum-engineers.htm,Petroleum Engineers,"$144,910     per year
                                        $69.67     per hour",Bachelor's degree,None,None,18500,2% (Slower than average),400,1000,"$50,980",3%,"August 27, 2026",144910,2,18500,400,1000,50980,3,Bachelor's degree,Bachelor's degree,5.405405405405405,40,0.96,93930,TRUE
life-physical-and-social-science,nuclear-technicians,https://www.bls.gov/ooh/life-physical-and-social-science/nuclear-technicians.htm,Nuclear Technicians,"$110,240     per year
                                        $53.00     per hour",Associate's degree,None,Moderate-term on-the-job training,6700,1% (Slower than average),100,900,"$50,980",3%,"August 27, 2026",110240,1,6700,100,900,50980,3,Associate's degree,Associate's degree,13.432835820895523,10,0.9888888888888889,59260,TRUE
healthcare,occupational-therapists,https://www.bls.gov/ooh/healthcare/occupational-therapists.htm,Occupational Therapists,"$100,330     per year
                                        $48.24     per hour",Master's degree,None,None,169600,15% (Much faster than average),25200,10000,"$50,980",3%,"August 27, 2026",100330,15,169600,25200,10000,50980,3,Master's degree,Master's degree,5.89622641509434,2520,0.748,49350,TRUE
math,operations-research-analysts,https://www.bls.gov/ooh/math/operations-research-analysts.htm,Operations Research Analysts,"$88,940     per year
                                        $42.76     per hour",Bachelor's degree,None,None,113100,12% (Much faster than average),13500,7500,"$50,980",3%,"August 27, 2026",88940,12,113100,13500,7500,50980,3,Bachelor's degree,Bachelor's degree,6.63129973474801,1350,0.8200000000000001,37960,TRUE
construction-and-extraction,solar-photovoltaic-installers,https://www.bls.gov/ooh/construction-and-extraction/solar-photovoltaic-installers.htm,Solar Photovoltaic Installers,"$53,140     per year
                                        $25.55     per hour",High school diploma or equivalent,None,Moderate-term on-the-job training,31100,37% (Much faster than average),11300,4200,"$50,980",3%,"August 27, 2026",53140,37,31100,11300,4200,50980,3,High school diploma or equivalent,High school diploma or equivalent,13.504823151125402,1130,0.730952380952381,2160,TRUE
life-physical-and-social-science,survey-researchers,https://www.bls.gov/ooh/life-physical-and-social-science/survey-researchers.htm,Survey Researchers,"$69,460     per year
                                        $33.40     per hour",Master's degree,None,None,9800,-5% (Decline),-500,600,"$50,980",3%,"August 27, 2026",69460,-5,9800,-500,600,50980,3,Master's degree,Master's degree,6.122448979591836,-50,1,18480,TRUE
healthcare,radiation-therapists,https://www.bls.gov/ooh/healthcare/radiation-therapists.htm,Radiation Therapists,"$105,310     per year
                                        $50.63     per hour",Associate's degree,None,None,17400,3% (As fast as average),500,700,"$50,980",3%,"August 27, 2026",105310,3,17400,500,700,50980,3,Associate's degree,Associate's degree,4.022988505747127,50,0.9285714285714286,54330,TRUE
arts-and-design,set-and-exhibit-designers,https://www.bls.gov/ooh/arts-and-design/set-and-exhibit-designers.htm,Set and Exhibit Designers,"$75,240     per year
                                        $36.17     per hour",Bachelor's degree,None,None,31600,1% (Slower than average),500,2200,"$50,980",3%,"August 27, 2026",75240,1,31600,500,2200,50980,3,Bachelor's degree,Bachelor's degree,6.962025316455696,50,0.9772727272727273,24260,TRUE
installation-maintenance-and-repair,wind-turbine-technicians,https://www.bls.gov/ooh/installation-maintenance-and-repair/wind-turbine-technicians.htm,Wind Turbine Technicians,"$64,120     per year
                                        $30.83     per hour",Postsecondary nondegree award,None,Long-term on-the-job training,11800,30% (Much faster than average),3500,1500,"$50,980",3%,"August 27, 2026",64120,30,11800,3500,1500,50980,3,Postsecondary nondegree award,Postsecondary nondegree award,12.711864406779661,350,0.7666666666666666,13140,TRUE
