group,slug,url,page_title,median_pay,education,experience,training,jobs_2025,growth,change,openings_per_year,all_occ_median_wage,all_occ_growth_pct,page_last_modified
personal-care-and-service,gaming-services-occupations,https://www.bls.gov/ooh/personal-care-and-service/gaming-services-occupations.htm,Gambling Services Workers,"$37,460     per year
                                        $18.01     per hour",High school diploma or equivalent,See How to Become One,See How to Become One,"146,500",3% (As fast as average),"5,000","20,200","$50,980",3%,"August 27, 2026"
arts-and-design,multimedia-artists-and-animators,https://www.bls.gov/ooh/arts-and-design/multimedia-artists-and-animators.htm,Special Effects Artists and Animators,"$102,030     per year
                                        $49.06     per hour",Bachelor's degree,None,None,"51,900",0% (Little or no change),-100,"4,200","$50,980",3%,"August 27, 2026"
education-training-and-library,kindergarten-and-elementary-school-teachers,https://www.bls.gov/ooh/education-training-and-library/kindergarten-and-elementary-school-teachers.htm,Kindergarten and Elementary School Teachers,"$63,820     per year",Bachelor's degree,None,None,"1,530,500",0% (Little or no change),"-6,100","99,400","$50,980",3%,"August 27, 2026"
office-and-administrative-support,police-fire-and-ambulance-dispatchers,https://www.bls.gov/ooh/office-and-administrative-support/police-fire-and-ambulance-dispatchers.htm,Public Safety Telecommunicators,"$53,040     per year
                                        $25.50     per hour",High school diploma or equivalent,None,Moderate-term on-the-job training,"105,600",4% (As fast as average),"3,900","9,000","$50,980",3%,"August 27, 2026"
installation-maintenance-and-repair,aircraft-and-avionics-equipment-mechanics-and-technicians,https://www.bls.gov/ooh/installation-maintenance-and-repair/aircraft-and-avionics-equipment-mechanics-and-technicians.htm,Aircraft and Avionics Equipment Mechanics and Technicians,"$80,180     per year
                                        $38.55     per hour",Postsecondary nondegree award,None,None,"159,800",6% (Faster than average),"9,400","13,100","$50,980",3%,"August 27, 2026"
transportation-and-material-moving,water-transportation-occupations,https://www.bls.gov/ooh/transportation-and-material-moving/water-transportation-occupations.htm,Water Transportation Workers,"$71,860     per year
                                        $34.55     per hour",See How to Become One,See How to Become One,See How to Become One,"85,900",4% (As fast as average),"3,100","8,600","$50,980",3%,"August 27, 2026"
architecture-and-engineering,chemical-engineers,https://www.bls.gov/ooh/architecture-and-engineering/chemical-engineers.htm,Chemical Engineers,"$125,040     per year
                                        $60.12     per hour",Bachelor's degree,None,None,"21,900",5% (Faster than average),"1,000","1,100","$50,980",3%,"August 27, 2026"
installation-maintenance-and-repair,electrical-and-electronics-installers-and-repairers,https://www.bls.gov/ooh/installation-maintenance-and-repair/electrical-and-electronics-installers-and-repairers.htm,Electrical and Electronics Installers and Repairers,"$74,490     per year
                                        $35.81     per hour",See How to Become One,See How to Become One,See How to Become One,"117,700",2% (Slower than average),"2,000","8,900","$50,980",3%,"August 27, 2026"
entertainment-and-sports,musicians-and-singers,https://www.bls.gov/ooh/entertainment-and-sports/musicians-and-singers.htm,Musicians and Singers,$47.80     per hour,No formal educational credential,None,Long-term on-the-job training,"170,400",0% (Little or no change),600,"17,400",NA,3%,"August 27, 2026"
business-and-financial,accountants-and-auditors,https://www.bls.gov/ooh/business-and-financial/accountants-and-auditors.htm,Accountants and Auditors,"$83,680     per year
                                        $40.23     per hour",Bachelor's degree,None,None,"1,595,200",5% (Faster than average),"79,400","115,300","$50,980",3%,"August 27, 2026"
education-training-and-library,postsecondary-teachers,https://www.bls.gov/ooh/education-training-and-library/postsecondary-teachers.htm,Postsecondary Teachers,"$85,330     per year",See How to Become One,See How to Become One,None,"1,378,200",7% (Much faster than average),"98,200","103,300","$50,980",3%,"August 27, 2026"
office-and-administrative-support,bill-and-account-collectors,https://www.bls.gov/ooh/office-and-administrative-support/bill-and-account-collectors.htm,Bill and Account Collectors,"$47,030     per year
                                        $22.61     per hour",High school diploma or equivalent,None,Moderate-term on-the-job training,"160,200",-10% (Decline),"-16,700","11,200","$50,980",3%,"August 27, 2026"
office-and-administrative-support,bookkeeping-accounting-and-auditing-clerks,https://www.bls.gov/ooh/office-and-administrative-support/bookkeeping-accounting-and-auditing-clerks.htm,"Bookkeeping, Accounting, and Auditing Clerks","$50,670     per year
                                        $24.36     per hour","Some college, no degree",None,Moderate-term on-the-job training,"1,532,400",-6% (Decline),"-85,600","144,100","$50,980",3%,"August 27, 2026"
office-and-administrative-support,secretaries-and-administrative-assistants,https://www.bls.gov/ooh/office-and-administrative-support/secretaries-and-administrative-assistants.htm,Secretaries and Administrative Assistants,"$48,310     per year
                                        $23.23     per hour",High school diploma or equivalent,See How to Become One,See How to Become One,"3,515,600",-2% (Decline),"-75,300","314,400","$50,980",3%,"August 27, 2026"
construction-and-extraction,drywall-and-ceiling-tile-installers-and-tapers,https://www.bls.gov/ooh/construction-and-extraction/drywall-and-ceiling-tile-installers-and-tapers.htm,"Drywall Installers, Ceiling Tile Installers, and Tapers","$59,780     per year
                                        $28.74     per hour",No formal educational credential,None,Moderate-term on-the-job training,"118,000",2% (Slower than average),"2,300","7,600","$50,980",3%,"August 27, 2026"
education-training-and-library,librarians,https://www.bls.gov/ooh/education-training-and-library/librarians.htm,Librarians and Library Media Specialists,"$68,270     per year
                                        $32.82     per hour",Master's degree,None,None,"142,300",3% (As fast as average),"3,600","12,600","$50,980",3%,"August 27, 2026"
personal-care-and-service,concierges,https://www.bls.gov/ooh/personal-care-and-service/concierges.htm,Concierges,"$38,950     per year
                                        $18.73     per hour",High school diploma or equivalent,None,Moderate-term on-the-job training,"50,200",3% (As fast as average),"1,300","6,900","$50,980",3%,"August 27, 2026"
entertainment-and-sports,actors,https://www.bls.gov/ooh/entertainment-and-sports/actors.htm,Actors,$29.05     per hour,"Some college, no degree",None,Long-term on-the-job training,"67,500",0% (Little or no change),0,"6,300",NA,3%,"August 27, 2026"
math,actuaries,https://www.bls.gov/ooh/math/actuaries.htm,Actuaries,"$130,000     per year
                                        $62.50     per hour",Bachelor's degree,None,Long-term on-the-job training,"31,200",9% (Much faster than average),"2,900","1,500","$50,980",3%,"August 27, 2026"
healthcare,nurse-anesthetists-nurse-midwives-and-nurse-practitioners,https://www.bls.gov/ooh/healthcare/nurse-anesthetists-nurse-midwives-and-nurse-practitioners.htm,"Nurse Anesthetists, Nurse Midwives, and Nurse Practitioners","$134,920     per year
                                        $64.87     per hour",Master's degree,None,None,"399,000",36% (Much faster than average),"144,000","32,200","$50,980",3%,"August 27, 2026"
community-and-social-service,substance-abuse-behavioral-disorder-and-mental-health-counselors,https://www.bls.gov/ooh/community-and-social-service/substance-abuse-behavioral-disorder-and-mental-health-counselors.htm,"Substance Abuse, Behavioral Disorder, and Mental Health Counselors","$59,350     per year
                                        $28.53     per hour",Master's degree,None,Internship/residency,"533,400",18% (Much faster than average),"98,000","50,500","$50,980",3%,"August 27, 2026"
healthcare,physicians-and-surgeons,https://www.bls.gov/ooh/healthcare/physicians-and-surgeons.htm,Physicians and Surgeons,"$275,930     per year
                                        $132.66     per hour",Doctoral or professional degree,None,Internship/residency,"862,800",4% (As fast as average),"31,300","22,100","$50,980",3%,"August 27, 2026"
community-and-social-service,social-and-human-service-assistants,https://www.bls.gov/ooh/community-and-social-service/social-and-human-service-assistants.htm,Social and Human Service Assistants,"$45,930     per year
                                        $22.08     per hour",High school diploma or equivalent,None,Short-term on-the-job training,"463,400",7% (Much faster than average),"34,200","48,900","$50,980",3%,"August 27, 2026"
office-and-administrative-support,general-office-clerks,https://www.bls.gov/ooh/office-and-administrative-support/general-office-clerks.htm,General Office Clerks,"$45,010     per year
                                        $21.64     per hour",High school diploma or equivalent,None,Short-term on-the-job training,"2,600,000",-6% (Decline),"-156,200","249,000",NA,3%,"August 27, 2026"
legal,judges-and-hearing-officers,https://www.bls.gov/ooh/legal/judges-and-hearing-officers.htm,Judges and Hearing Officers,"$132,800     per year
                                        $63.85     per hour",Doctoral or professional degree,5 years or more,Short-term on-the-job training,"42,700",2% (Slower than average),700,"1,300","$50,980",3%,"August 27, 2026"
management,administrative-services-managers,https://www.bls.gov/ooh/management/administrative-services-managers.htm,Administrative Services and Facilities Managers,"$110,500     per year
                                        $53.13     per hour",Bachelor's degree,Less than 5 years,None,"444,800",5% (Faster than average),"22,000","36,100","$50,980",3%,"August 27, 2026"
management,top-executives,https://www.bls.gov/ooh/management/top-executives.htm,Top Executives,"$108,780     per year
                                        $52.30     per hour",Bachelor's degree,5 years or more,None,"3,890,600",5% (Faster than average),"190,600","304,100","$50,980",3%,"August 27, 2026"
community-and-social-service,school-and-career-counselors,https://www.bls.gov/ooh/community-and-social-service/school-and-career-counselors.htm,School and Career Counselors and Advisors,"$64,330     per year
                                        $30.93     per hour",Master's degree,None,None,"389,500",3% (As fast as average),"11,400","27,800","$50,980",3%,"August 27, 2026"
office-and-administrative-support,information-clerks,https://www.bls.gov/ooh/office-and-administrative-support/information-clerks.htm,Information Clerks,"$45,430     per year
                                        $21.84     per hour",See How to Become One,None,See How to Become One,"1,287,600",-2% (Decline),"-30,100","125,600","$50,980",3%,"August 27, 2026"
construction-and-extraction,brickmasons-blockmasons-and-stonemasons,https://www.bls.gov/ooh/construction-and-extraction/brickmasons-blockmasons-and-stonemasons.htm,Masonry Workers,"$58,270     per year
                                        $28.02     per hour",See How to Become One,None,See How to Become One,"277,700",1% (Slower than average),"3,300","18,400","$50,980",3%,"August 27, 2026"
construction-and-extraction,construction-laborers-and-helpers,https://www.bls.gov/ooh/construction-and-extraction/construction-laborers-and-helpers.htm,Construction Laborers and Helpers,"$46,680     per year
                                        $22.44     per hour",See How to Become One,None,Short-term on-the-job training,"1,674,400",6% (Faster than average),"108,600","137,000","$50,980",3%,"August 27, 2026"
education-training-and-library,adult-literacy-and-ged-teachers,https://www.bls.gov/ooh/education-training-and-library/adult-literacy-and-ged-teachers.htm,Adult Basic and Secondary Education and ESL Teachers,"$61,540     per year
                                        $29.59     per hour",Bachelor's degree,None,None,"41,100",-14% (Decline),"-5,700","3,800","$50,980",3%,"August 27, 2026"
education-training-and-library,teacher-assistants,https://www.bls.gov/ooh/education-training-and-library/teacher-assistants.htm,Teacher Assistants,"$36,780     per year","Some college, no degree",None,None,"1,463,000",0% (Little or no change),"-4,900","176,200","$50,980",3%,"August 27, 2026"
community-and-social-service,social-workers,https://www.bls.gov/ooh/community-and-social-service/social-workers.htm,Social Workers,"$61,780     per year
                                        $29.70     per hour",See How to Become One,None,See How to Become One,"816,100",6% (Faster than average),"50,400","69,100","$50,980",3%,"August 27, 2026"
management,advertising-promotions-and-marketing-managers,https://www.bls.gov/ooh/management/advertising-promotions-and-marketing-managers.htm,"Advertising, Promotions, and Marketing Managers","$165,780     per year
                                        $79.70     per hour",Bachelor's degree,See How to Become One,None,"454,800",6% (Faster than average),"27,900","36,300","$50,980",3%,"August 27, 2026"
sales,advertising-sales-agents,https://www.bls.gov/ooh/sales/advertising-sales-agents.htm,Advertising Sales Agents,"$64,820     per year
                                        $31.16     per hour",High school diploma or equivalent,None,Moderate-term on-the-job training,"99,300",-7% (Decline),"-7,100","7,800","$50,980",3%,"August 27, 2026"
business-and-financial,market-research-analysts,https://www.bls.gov/ooh/business-and-financial/market-research-analysts.htm,Market Research Analysts,"$78,760     per year
                                        $37.87     per hour",Bachelor's degree,None,None,"952,700",7% (Much faster than average),"66,300","82,000","$50,980",3%,"August 27, 2026"
media-and-communication,writers-and-authors,https://www.bls.gov/ooh/media-and-communication/writers-and-authors.htm,Writers and Authors,"$76,910     per year
                                        $36.98     per hour",Bachelor's degree,None,Long-term on-the-job training,"140,300",0% (Little or no change),-500,"11,900","$50,980",3%,"August 27, 2026"
media-and-communication,editors,https://www.bls.gov/ooh/media-and-communication/editors.htm,Editors,"$77,920     per year
                                        $37.46     per hour",Bachelor's degree,Less than 5 years,None,"105,000",-1% (Decline),"-1,100","7,900","$50,980",3%,"August 27, 2026"
media-and-communication,photographers,https://www.bls.gov/ooh/media-and-communication/photographers.htm,Photographers,"$44,660     per year
                                        $21.47     per hour",High school diploma or equivalent,None,Moderate-term on-the-job training,"145,000",-1% (Decline),"-1,000","10,700",NA,3%,"August 27, 2026"
transportation-and-material-moving,airline-and-commercial-pilots,https://www.bls.gov/ooh/transportation-and-material-moving/airline-and-commercial-pilots.htm,Airline and Commercial Pilots,"$210,020     per year",See How to Become One,See How to Become One,Moderate-term on-the-job training,"154,900",7% (Much faster than average),"11,300","16,400","$50,980",3%,"August 27, 2026"
personal-care-and-service,fitness-trainers-and-instructors,https://www.bls.gov/ooh/personal-care-and-service/fitness-trainers-and-instructors.htm,Fitness Trainers and Instructors,"$47,160     per year
                                        $22.67     per hour",High school diploma or equivalent,None,Short-term on-the-job training,"388,400",7% (Much faster than average),"28,500","68,000","$50,980",3%,"August 27, 2026"
architecture-and-engineering,aerospace-engineers,https://www.bls.gov/ooh/architecture-and-engineering/aerospace-engineers.htm,Aerospace Engineers,"$134,960     per year
                                        $64.89     per hour",Bachelor's degree,None,None,"68,700",8% (Much faster than average),"5,700","3,800","$50,980",3%,"August 27, 2026"
architecture-and-engineering,drafters,https://www.bls.gov/ooh/architecture-and-engineering/drafters.htm,Drafters,"$68,090     per year
                                        $32.74     per hour",Associate's degree,None,None,"180,200",1% (Slower than average),"1,100","14,400","$50,980",3%,"August 27, 2026"
architecture-and-engineering,aerospace-engineering-and-operations-technicians,https://www.bls.gov/ooh/architecture-and-engineering/aerospace-engineering-and-operations-technicians.htm,Aerospace Engineering and Operations Technologists and Technicians,"$82,890     per year
                                        $39.85     per hour",Associate's degree,None,None,"11,600",12% (Much faster than average),"1,400","1,100","$50,980",3%,"August 27, 2026"
sales,sales-engineers,https://www.bls.gov/ooh/sales/sales-engineers.htm,Sales Engineers,"$124,900     per year
                                        $60.05     per hour",Bachelor's degree,None,Moderate-term on-the-job training,"51,600",3% (As fast as average),"1,400","3,800","$50,980",3%,"August 27, 2026"
legal,lawyers,https://www.bls.gov/ooh/legal/lawyers.htm,Lawyers,"$159,670     per year
                                        $76.76     per hour",Doctoral or professional degree,None,None,"863,700",5% (Faster than average),"40,600","28,700","$50,980",3%,"August 27, 2026"
life-physical-and-social-science,agricultural-and-food-science-technicians,https://www.bls.gov/ooh/life-physical-and-social-science/agricultural-and-food-science-technicians.htm,Agricultural and Food Science Technicians,"$51,160     per year
                                        $24.60     per hour",Associate's degree,None,Moderate-term on-the-job training,"40,400",5% (Faster than average),"2,100","5,900","$50,980",3%,"August 27, 2026"
life-physical-and-social-science,agricultural-and-food-scientists,https://www.bls.gov/ooh/life-physical-and-social-science/agricultural-and-food-scientists.htm,Agricultural and Food Scientists,"$81,970     per year
                                        $39.41     per hour",Bachelor's degree,None,None,"37,400",6% (Faster than average),"2,400","2,700","$50,980",3%,"August 27, 2026"
life-physical-and-social-science,chemists-and-materials-scientists,https://www.bls.gov/ooh/life-physical-and-social-science/chemists-and-materials-scientists.htm,Chemists and Materials Scientists,"$95,060     per year
                                        $45.70     per hour",Bachelor's degree,None,None,"93,500",7% (Much faster than average),"6,200","6,500","$50,980",3%,"August 27, 2026"
management,farmers-ranchers-and-other-agricultural-managers,https://www.bls.gov/ooh/management/farmers-ranchers-and-other-agricultural-managers.htm,"Farmers, Ranchers, and Other Agricultural Managers","$89,900     per year
                                        $43.22     per hour",High school diploma or equivalent,5 years or more,None,"788,700",-3% (Decline),"-26,500","70,800","$50,980",3%,"August 27, 2026"
life-physical-and-social-science,economists,https://www.bls.gov/ooh/life-physical-and-social-science/economists.htm,Economists,"$124,720     per year
                                        $59.96     per hour",Master's degree,None,None,"18,600",5% (Faster than average),900,"1,100","$50,980",3%,"August 27, 2026"
architecture-and-engineering,agricultural-engineers,https://www.bls.gov/ooh/architecture-and-engineering/agricultural-engineers.htm,Agricultural Engineers,"$98,590     per year
                                        $47.40     per hour",Bachelor's degree,None,None,"1,500",7% (Much faster than average),100,100,"$50,980",3%,"August 27, 2026"
installation-maintenance-and-repair,heavy-vehicle-and-mobile-equipment-service-technicians,https://www.bls.gov/ooh/installation-maintenance-and-repair/heavy-vehicle-and-mobile-equipment-service-technicians.htm,Heavy Vehicle and Mobile Equipment Service Technicians,"$63,850     per year
                                        $30.70     per hour",High school diploma or equivalent,None,Long-term on-the-job training,"242,400",7% (Much faster than average),"17,100","20,300","$50,980",3%,"August 27, 2026"
sales,real-estate-brokers-and-sales-agents,https://www.bls.gov/ooh/sales/real-estate-brokers-and-sales-agents.htm,Real Estate Brokers and Sales Agents,"$57,400     per year
                                        $27.59     per hour",High school diploma or equivalent,See How to Become One,See How to Become One,"530,600",2% (Slower than average),"8,300","40,400","$50,980",3%,"August 27, 2026"
management,natural-sciences-managers,https://www.bls.gov/ooh/management/natural-sciences-managers.htm,Natural Sciences Managers,"$167,220     per year
                                        $80.39     per hour",Bachelor's degree,5 years or more,None,"112,200",8% (Much faster than average),"9,200","9,200","$50,980",3%,"August 27, 2026"
farming-fishing-and-forestry,agricultural-workers,https://www.bls.gov/ooh/farming-fishing-and-forestry/agricultural-workers.htm,Agricultural Workers,"$35,890     per year
                                        $17.25     per hour",See How to Become One,None,See How to Become One,"831,900",-2% (Decline),"-13,300","111,500","$50,980",3%,"August 27, 2026"
architecture-and-engineering,environmental-engineering-technicians,https://www.bls.gov/ooh/architecture-and-engineering/environmental-engineering-technicians.htm,Environmental Engineering Technologists and Technicians,"$59,920     per year
                                        $28.81     per hour",Associate's degree,None,None,"12,500",3% (As fast as average),400,"1,100","$50,980",3%,"August 27, 2026"
production,assemblers-and-fabricators,https://www.bls.gov/ooh/production/assemblers-and-fabricators.htm,Assemblers and Fabricators,"$45,450     per year
                                        $21.85     per hour",High school diploma or equivalent,None,Moderate-term on-the-job training,"1,799,500",1% (Slower than average),"16,700","177,500","$50,980",3%,"August 27, 2026"
installation-maintenance-and-repair,heating-air-conditioning-and-refrigeration-mechanics-and-installers,https://www.bls.gov/ooh/installation-maintenance-and-repair/heating-air-conditioning-and-refrigeration-mechanics-and-installers.htm,"Heating, Air Conditioning, and Refrigeration Mechanics and Installers","$61,010     per year
                                        $29.33     per hour",Postsecondary nondegree award,None,Long-term on-the-job training,"440,900",11% (Much faster than average),"48,200","40,600","$50,980",3%,"August 27, 2026"
construction-and-extraction,sheet-metal-workers,https://www.bls.gov/ooh/construction-and-extraction/sheet-metal-workers.htm,Sheet Metal Workers,"$61,800     per year
                                        $29.71     per hour",High school diploma or equivalent,None,Apprenticeship,"131,100",3% (As fast as average),"3,300","9,800","$50,980",3%,"August 27, 2026"
transportation-and-material-moving,hand-laborers-and-material-movers,https://www.bls.gov/ooh/transportation-and-material-moving/hand-laborers-and-material-movers.htm,Hand Laborers and Material Movers,"$38,220     per year
                                        $18.38     per hour",No formal educational credential,None,Short-term on-the-job training,"6,917,800",4% (As fast as average),"288,900","904,200","$50,980",3%,"August 27, 2026"
production,painting-and-coating-workers,https://www.bls.gov/ooh/production/painting-and-coating-workers.htm,Painting and Coating Workers,"$48,060     per year
                                        $23.10     per hour",See How to Become One,None,Moderate-term on-the-job training,"173,000",2% (Slower than average),"4,200","16,100","$50,980",3%,"August 27, 2026"
transportation-and-material-moving,flight-attendants,https://www.bls.gov/ooh/transportation-and-material-moving/flight-attendants.htm,Flight Attendants,"$63,580     per year",High school diploma or equivalent,Less than 5 years,Moderate-term on-the-job training,"133,700",9% (Much faster than average),"11,800","18,500","$50,980",3%,"August 27, 2026"
business-and-financial,compliance-officers,https://www.bls.gov/ooh/business-and-financial/compliance-officers.htm,Compliance Officers,"$80,730     per year
                                        $38.81     per hour",Bachelor's degree,None,Moderate-term on-the-job training,"436,400",4% (As fast as average),"16,700","32,700","$50,980",3%,"August 27, 2026"
architecture-and-engineering,environmental-engineers,https://www.bls.gov/ooh/architecture-and-engineering/environmental-engineers.htm,Environmental Engineers,"$107,110     per year
                                        $51.50     per hour",Bachelor's degree,None,None,"39,100",6% (Faster than average),"2,400","2,300","$50,980",3%,"August 27, 2026"
transportation-and-material-moving,taxi-drivers-and-chauffeurs,https://www.bls.gov/ooh/transportation-and-material-moving/taxi-drivers-and-chauffeurs.htm,"Taxi Drivers, Shuttle Drivers, and Chauffeurs","$37,960     per year
                                        $18.25     per hour",No formal educational credential,None,Short-term on-the-job training,"455,700",9% (Much faster than average),"41,400","55,900","$50,980",3%,"August 27, 2026"
management,transportation-storage-and-distribution-managers,https://www.bls.gov/ooh/management/transportation-storage-and-distribution-managers.htm,"Transportation, Storage, and Distribution Managers","$107,230     per year
                                        $51.55     per hour",High school diploma or equivalent,5 years or more,None,"228,100",6% (Faster than average),"14,000","18,300","$50,980",3%,"August 27, 2026"
transportation-and-material-moving,air-traffic-controllers,https://www.bls.gov/ooh/transportation-and-material-moving/air-traffic-controllers.htm,Air Traffic Controllers,"$148,080     per year
                                        $71.19     per hour",Associate's degree,None,Long-term on-the-job training,"24,000",2% (Slower than average),400,"2,100","$50,980",3%,"August 27, 2026"
life-physical-and-social-science,environmental-science-and-protection-technicians,https://www.bls.gov/ooh/life-physical-and-social-science/environmental-science-and-protection-technicians.htm,Environmental Science and Protection Technicians,"$55,090     per year
                                        $26.49     per hour",Associate's degree,None,None,"36,400",7% (Much faster than average),"2,500","5,300","$50,980",3%,"August 27, 2026"
production,metal-and-plastic-machine-workers,https://www.bls.gov/ooh/production/metal-and-plastic-machine-workers.htm,Metal and Plastic Machine Workers,"$47,700     per year
                                        $22.94     per hour",See How to Become One,None,Moderate-term on-the-job training,"963,000",-7% (Decline),"-63,000","78,100","$50,980",3%,"August 27, 2026"
math,mathematicians-and-statisticians,https://www.bls.gov/ooh/math/mathematicians-and-statisticians.htm,Mathematicians and Statisticians,"$105,720     per year
                                        $50.83     per hour",Master's degree,None,None,"33,500",10% (Much faster than average),"3,400","2,000","$50,980",3%,"August 27, 2026"
education-training-and-library,tutors,https://www.bls.gov/ooh/education-training-and-library/tutors.htm,Tutors,"$43,350     per year
                                        $20.84     per hour","Some college, no degree",None,None,"208,400",0% (Little or no change),-500,"34,200","$50,980",3%,"August 27, 2026"
farming-fishing-and-forestry,fishers-and-related-fishing-workers,https://www.bls.gov/ooh/farming-fishing-and-forestry/fishers-and-related-fishing-workers.htm,Fishing and Hunting Workers,NA,No formal educational credential,None,Moderate-term on-the-job training,"28,200",-4% (Decline),"-1,200","3,300","$50,980",3%,"August 27, 2026"
installation-maintenance-and-repair,small-engine-mechanics,https://www.bls.gov/ooh/installation-maintenance-and-repair/small-engine-mechanics.htm,Small Engine Mechanics,"$49,710     per year
                                        $23.90     per hour",See How to Become One,None,See How to Become One,"77,500",3% (As fast as average),"2,400","7,700","$50,980",3%,"August 27, 2026"
production,food-and-tobacco-processing-workers,https://www.bls.gov/ooh/production/food-and-tobacco-processing-workers.htm,Food Processing Equipment Workers,"$41,230     per year
                                        $19.82     per hour",See How to Become One,None,Moderate-term on-the-job training,"297,000",5% (Faster than average),"15,100","36,600","$50,980",3%,"August 27, 2026"
legal,arbitrators-mediators-and-conciliators,https://www.bls.gov/ooh/legal/arbitrators-mediators-and-conciliators.htm,"Arbitrators, Mediators, and Conciliators","$75,530     per year
                                        $36.31     per hour",Bachelor's degree,Less than 5 years,Moderate-term on-the-job training,"10,500",5% (Faster than average),500,300,"$50,980",3%,"August 27, 2026"
production,welders-cutters-solderers-and-brazers,https://www.bls.gov/ooh/production/welders-cutters-solderers-and-brazers.htm,"Welders, Cutters, Solderers, and Brazers","$53,750     per year
                                        $25.84     per hour",High school diploma or equivalent,None,Moderate-term on-the-job training,"437,700",2% (Slower than average),"10,300","40,300","$50,980",3%,"August 27, 2026"
healthcare,emts-and-paramedics,https://www.bls.gov/ooh/healthcare/emts-and-paramedics.htm,EMTs and Paramedics,"$48,150     per year
                                        $23.15     per hour",Postsecondary nondegree award,See How to Become One,None,"284,100",6% (Faster than average),"16,400","18,200","$50,980",3%,"August 27, 2026"
healthcare,orthotists-and-prosthetists,https://www.bls.gov/ooh/healthcare/orthotists-and-prosthetists.htm,Orthotists and Prosthetists,"$81,110     per year
                                        $38.99     per hour",Master's degree,None,Internship/residency,"9,500",13% (Much faster than average),"1,200",700,"$50,980",3%,"August 27, 2026"
media-and-communication,interpreters-and-translators,https://www.bls.gov/ooh/media-and-communication/interpreters-and-translators.htm,Interpreters and Translators,"$60,170     per year
                                        $28.93     per hour",Bachelor's degree,None,None,"73,900",2% (Slower than average),"1,500","6,000","$50,980",3%,"August 27, 2026"
production,quality-control-inspectors,https://www.bls.gov/ooh/production/quality-control-inspectors.htm,Quality Control Inspectors,"$48,570     per year
                                        $23.35     per hour",High school diploma or equivalent,None,Moderate-term on-the-job training,"602,000",3% (As fast as average),"15,200","66,700","$50,980",3%,"August 27, 2026"
management,entertainment-and-recreation-managers,https://www.bls.gov/ooh/management/entertainment-and-recreation-managers.htm,Entertainment and Recreation Managers,"$79,520     per year
                                        $38.23     per hour",Bachelor's degree,Less than 5 years,None,"43,900",6% (Faster than average),"2,700","5,100","$50,980",3%,"August 27, 2026"
healthcare,physician-assistants,https://www.bls.gov/ooh/healthcare/physician-assistants.htm,Physician Assistants,"$135,880     per year
                                        $65.33     per hour",Master's degree,None,None,"168,900",21% (Much faster than average),"35,700","11,500","$50,980",3%,"August 27, 2026"
construction-and-extraction,construction-equipment-operators,https://www.bls.gov/ooh/construction-and-extraction/construction-equipment-operators.htm,Construction Equipment Operators,"$59,600     per year
                                        $28.66     per hour",High school diploma or equivalent,None,Moderate-term on-the-job training,"534,100",4% (As fast as average),"21,800","42,500","$50,980",3%,"August 27, 2026"
personal-care-and-service,animal-care-and-service-workers,https://www.bls.gov/ooh/personal-care-and-service/animal-care-and-service-workers.htm,Animal Care and Service Workers,"$35,530     per year
                                        $17.08     per hour",High school diploma or equivalent,None,See How to Become One,"413,000",11% (Much faster than average),"46,100","69,400","$50,980",3%,"August 27, 2026"
healthcare,veterinarians,https://www.bls.gov/ooh/healthcare/veterinarians.htm,Veterinarians,"$130,100     per year
                                        $62.55     per hour",Doctoral or professional degree,None,None,"91,100",9% (Much faster than average),"8,600","3,100","$50,980",3%,"August 27, 2026"
media-and-communication,announcers,https://www.bls.gov/ooh/media-and-communication/announcers.htm,Announcers and DJs,$22.50     per hour,See How to Become One,None,See How to Become One,"38,700",-3% (Decline),"-1,000","3,700",NA,3%,"August 27, 2026"
architecture-and-engineering,electrical-and-electronics-engineers,https://www.bls.gov/ooh/architecture-and-engineering/electrical-and-electronics-engineers.htm,Electrical and Electronics Engineers,"$125,040     per year
                                        $60.12     per hour",Bachelor's degree,None,None,"297,900",8% (Much faster than average),"23,400","16,300","$50,980",3%,"August 27, 2026"
life-physical-and-social-science,anthropologists-and-archeologists,https://www.bls.gov/ooh/life-physical-and-social-science/anthropologists-and-archeologists.htm,Anthropologists and Archeologists,"$70,770     per year
                                        $34.02     per hour",Master's degree,None,None,"10,200",6% (Faster than average),600,800,"$50,980",3%,"August 27, 2026"
management,property-real-estate-and-community-association-managers,https://www.bls.gov/ooh/management/property-real-estate-and-community-association-managers.htm,"Property, Real Estate, and Community Association Managers","$69,990     per year
                                        $33.65     per hour",High school diploma or equivalent,Less than 5 years,Short-term on-the-job training,"460,400",4% (As fast as average),"17,100","36,900","$50,980",3%,"August 27, 2026"
healthcare,pharmacists,https://www.bls.gov/ooh/healthcare/pharmacists.htm,Pharmacists,"$140,910     per year
                                        $67.75     per hour",Doctoral or professional degree,None,None,"325,200",5% (Faster than average),"17,100","12,500","$50,980",3%,"August 27, 2026"
arts-and-design,fashion-designers,https://www.bls.gov/ooh/arts-and-design/fashion-designers.htm,Fashion Designers,"$80,960     per year
                                        $38.92     per hour",Bachelor's degree,None,None,"32,700",0% (Little or no change),0,"2,500","$50,980",3%,"August 27, 2026"
sales,retail-sales-workers,https://www.bls.gov/ooh/sales/retail-sales-workers.htm,Retail Sales Workers,"$35,560     per year
                                        $17.10     per hour",No formal educational credential,None,See How to Become One,"4,271,400",0% (Little or no change),"-5,700","550,600",NA,3%,"August 27, 2026"
management,computer-and-information-systems-managers,https://www.bls.gov/ooh/management/computer-and-information-systems-managers.htm,Computer and Information Systems Managers,"$175,140     per year
                                        $84.20     per hour",Bachelor's degree,5 years or more,None,"685,800",16% (Much faster than average),"108,100","53,500","$50,980",3%,"August 27, 2026"
computer-and-information-technology,software-developers,https://www.bls.gov/ooh/computer-and-information-technology/software-developers.htm,"Software Developers, Quality Assurance Analysts, and Testers","$134,040     per year
                                        $64.44     per hour",Bachelor's degree,None,None,"1,905,400",10% (Much faster than average),"185,400","106,100","$50,980",3%,"August 27, 2026"
computer-and-information-technology,computer-systems-analysts,https://www.bls.gov/ooh/computer-and-information-technology/computer-systems-analysts.htm,Computer Systems Analysts,"$105,850     per year
                                        $50.89     per hour",Bachelor's degree,None,None,"544,400",8% (Much faster than average),"42,900","32,900","$50,980",3%,"August 27, 2026"
computer-and-information-technology,computer-programmers,https://www.bls.gov/ooh/computer-and-information-technology/computer-programmers.htm,Computer Programmers,"$100,390     per year
                                        $48.26     per hour",Bachelor's degree,None,None,"110,800",-7% (Decline),"-8,100","4,400","$50,980",3%,"August 27, 2026"
healthcare,exercise-physiologists,https://www.bls.gov/ooh/healthcare/exercise-physiologists.htm,Exercise Physiologists,"$59,460     per year
                                        $28.59     per hour",Bachelor's degree,None,None,"21,200",13% (Much faster than average),"2,700","1,400","$50,980",3%,"August 27, 2026"
office-and-administrative-support,receptionists,https://www.bls.gov/ooh/office-and-administrative-support/receptionists.htm,Receptionists,"$38,010     per year
                                        $18.27     per hour",High school diploma or equivalent,None,Short-term on-the-job training,"947,500",-2% (Decline),"-16,000","105,100",NA,3%,"August 27, 2026"
life-physical-and-social-science,zoologists-and-wildlife-biologists,https://www.bls.gov/ooh/life-physical-and-social-science/zoologists-and-wildlife-biologists.htm,Zoologists and Wildlife Biologists,"$76,780     per year
                                        $36.91     per hour",Bachelor's degree,None,None,"19,500",4% (As fast as average),700,"1,400","$50,980",3%,"August 27, 2026"
production,dental-and-ophthalmic-laboratory-technicians-and-medical-appliance-technicians,https://www.bls.gov/ooh/production/dental-and-ophthalmic-laboratory-technicians-and-medical-appliance-technicians.htm,Dental and Ophthalmic Laboratory Technicians and Medical Appliance Technicians,"$47,060     per year
                                        $22.63     per hour",High school diploma or equivalent,None,Moderate-term on-the-job training,"64,300",-2% (Decline),"-1,300","7,100","$50,980",3%,"August 27, 2026"
architecture-and-engineering,architects,https://www.bls.gov/ooh/architecture-and-engineering/architects.htm,Architects,"$99,280     per year
                                        $47.73     per hour",Bachelor's degree,None,Internship/residency,"124,600",4% (As fast as average),"5,300","6,900","$50,980",3%,"August 27, 2026"
management,architectural-and-engineering-managers,https://www.bls.gov/ooh/management/architectural-and-engineering-managers.htm,Architectural and Engineering Managers,"$171,270     per year
                                        $82.34     per hour",Bachelor's degree,5 years or more,None,"220,900",6% (Faster than average),"12,200","14,900","$50,980",3%,"August 27, 2026"
education-training-and-library,career-and-technical-education-teachers,https://www.bls.gov/ooh/education-training-and-library/career-and-technical-education-teachers.htm,Career and Technical Education Teachers,"$65,150     per year",Bachelor's degree,Less than 5 years,None,"250,200",0% (Little or no change),-900,"15,500","$50,980",3%,"August 27, 2026"
architecture-and-engineering,civil-engineers,https://www.bls.gov/ooh/architecture-and-engineering/civil-engineers.htm,Civil Engineers,"$100,840     per year
                                        $48.48     per hour",Bachelor's degree,None,None,"380,600",6% (Faster than average),"24,500","22,700","$50,980",3%,"August 27, 2026"
construction-and-extraction,construction-and-building-inspectors,https://www.bls.gov/ooh/construction-and-extraction/construction-and-building-inspectors.htm,Construction and Building Inspectors,"$74,690     per year
                                        $35.91     per hour",High school diploma or equivalent,5 years or more,Moderate-term on-the-job training,"153,900",0% (Little or no change),0,"14,800","$50,980",3%,"August 27, 2026"
education-training-and-library,curators-museum-technicians-and-conservators,https://www.bls.gov/ooh/education-training-and-library/curators-museum-technicians-and-conservators.htm,"Archivists, Curators, and Museum Workers","$60,330     per year
                                        $29.00     per hour",See How to Become One,None,None,"38,500",4% (As fast as average),"1,600","4,300","$50,980",3%,"August 27, 2026"
protective-service,security-guards,https://www.bls.gov/ooh/protective-service/security-guards.htm,Security Guards and Gambling Surveillance Officers,"$38,050     per year
                                        $18.29     per hour",High school diploma or equivalent,See How to Become One,See How to Become One,"1,304,000",1% (Slower than average),"11,200","157,200","$50,980",3%,"August 27, 2026"
protective-service,fire-inspectors-and-investigators,https://www.bls.gov/ooh/protective-service/fire-inspectors-and-investigators.htm,Fire Inspectors,"$73,680     per year
                                        $35.42     per hour",See How to Become One,See How to Become One,Moderate-term on-the-job training,"17,600",6% (Faster than average),"1,000","1,900","$50,980",3%,"August 27, 2026"
arts-and-design,art-directors,https://www.bls.gov/ooh/arts-and-design/art-directors.htm,Art Directors,"$114,850     per year
                                        $55.22     per hour",Bachelor's degree,5 years or more,None,"140,200",4% (As fast as average),"5,900","12,200","$50,980",3%,"August 27, 2026"
sales,models,https://www.bls.gov/ooh/sales/models.htm,Models,"$48,470     per year
                                        $23.30     per hour",No formal educational credential,None,None,"4,200",-2% (Decline),-100,700,NA,3%,"August 27, 2026"
construction-and-extraction,hazardous-materials-removal-workers,https://www.bls.gov/ooh/construction-and-extraction/hazardous-materials-removal-workers.htm,Hazardous Materials Removal Workers,"$49,450     per year
                                        $23.78     per hour",High school diploma or equivalent,None,Moderate-term on-the-job training,"52,700",2% (Slower than average),800,"4,300","$50,980",3%,"August 27, 2026"
transportation-and-material-moving,material-moving-machine-operators,https://www.bls.gov/ooh/transportation-and-material-moving/material-moving-machine-operators.htm,Material Moving Machine Operators,"$46,670     per year
                                        $22.44     per hour",See How to Become One,See How to Become One,See How to Become One,"841,500",1% (Slower than average),"12,000","70,700","$50,980",3%,"August 27, 2026"
life-physical-and-social-science,chemical-technicians,https://www.bls.gov/ooh/life-physical-and-social-science/chemical-technicians.htm,Chemical Technicians,"$60,390     per year
                                        $29.03     per hour",Associate's degree,None,Moderate-term on-the-job training,"60,000",5% (Faster than average),"3,000","7,600","$50,980",3%,"August 27, 2026"
media-and-communication,technical-writers,https://www.bls.gov/ooh/media-and-communication/technical-writers.htm,Technical Writers,"$90,390     per year
                                        $43.46     per hour",Bachelor's degree,Less than 5 years,Short-term on-the-job training,"46,400",1% (Slower than average),400,"3,200","$50,980",3%,"August 27, 2026"
legal,paralegals-and-legal-assistants,https://www.bls.gov/ooh/legal/paralegals-and-legal-assistants.htm,Paralegals and Legal Assistants,"$62,890     per year
                                        $30.24     per hour",Associate's degree,None,None,"404,900",0% (Little or no change),"-1,100","40,800","$50,980",3%,"August 27, 2026"
life-physical-and-social-science,physicists-and-astronomers,https://www.bls.gov/ooh/life-physical-and-social-science/physicists-and-astronomers.htm,Physicists and Astronomers,"$166,880     per year
                                        $80.23     per hour",Doctoral or professional degree,None,None,"25,600",7% (Much faster than average),"1,900","1,500","$50,980",3%,"August 27, 2026"
entertainment-and-sports,athletes-and-sports-competitors,https://www.bls.gov/ooh/entertainment-and-sports/athletes-and-sports-competitors.htm,Athletes and Sports Competitors,"$66,710     per year",No formal educational credential,None,Long-term on-the-job training,"22,900",6% (Faster than average),"1,300","2,200","$50,980",3%,"August 27, 2026"
entertainment-and-sports,coaches-and-scouts,https://www.bls.gov/ooh/entertainment-and-sports/coaches-and-scouts.htm,Coaches and Scouts,"$47,320     per year",Bachelor's degree,None,None,"298,800",6% (Faster than average),"18,100","36,400","$50,980",3%,"August 27, 2026"
entertainment-and-sports,umpires-referees-and-other-sports-officials,https://www.bls.gov/ooh/entertainment-and-sports/umpires-referees-and-other-sports-officials.htm,"Umpires, Referees, and Other Sports Officials","$40,710     per year",High school diploma or equivalent,None,Moderate-term on-the-job training,"18,200",5% (Faster than average),900,"4,300","$50,980",3%,"August 27, 2026"
healthcare,athletic-trainers,https://www.bls.gov/ooh/healthcare/athletic-trainers.htm,Athletic Trainers,"$62,520     per year",Master's degree,None,None,"35,200",13% (Much faster than average),"4,400","2,400","$50,980",3%,"August 27, 2026"
life-physical-and-social-science,atmospheric-scientists-including-meteorologists,https://www.bls.gov/ooh/life-physical-and-social-science/atmospheric-scientists-including-meteorologists.htm,"Atmospheric Scientists, Including Meteorologists","$99,070     per year
                                        $47.63     per hour",Bachelor's degree,None,None,"10,700",3% (As fast as average),300,800,"$50,980",3%,"August 27, 2026"
architecture-and-engineering,nuclear-engineers,https://www.bls.gov/ooh/architecture-and-engineering/nuclear-engineers.htm,Nuclear Engineers,"$133,970     per year
                                        $64.41     per hour",Bachelor's degree,None,None,"16,600",0% (Little or no change),100,800,"$50,980",3%,"August 27, 2026"
media-and-communication,broadcast-and-sound-engineering-technicians,https://www.bls.gov/ooh/media-and-communication/broadcast-and-sound-engineering-technicians.htm,"Broadcast, Sound, and Video Technicians","$60,150     per year
                                        $28.92     per hour",See How to Become One,None,Short-term on-the-job training,"136,600",1% (Slower than average),"1,700","9,800","$50,980",3%,"August 27, 2026"
healthcare,audiologists,https://www.bls.gov/ooh/healthcare/audiologists.htm,Audiologists,"$95,780     per year
                                        $46.05     per hour",Doctoral or professional degree,None,None,"14,200",11% (Much faster than average),"1,600",600,"$50,980",3%,"August 27, 2026"
personal-care-and-service,childcare-workers,https://www.bls.gov/ooh/personal-care-and-service/childcare-workers.htm,Childcare Workers,"$34,980     per year
                                        $16.82     per hour",High school diploma or equivalent,None,Short-term on-the-job training,"1,010,300",-2% (Decline),"-19,900","150,300",NA,3%,"August 27, 2026"
installation-maintenance-and-repair,automotive-body-and-glass-repairers,https://www.bls.gov/ooh/installation-maintenance-and-repair/automotive-body-and-glass-repairers.htm,Automotive Body and Glass Repairers,"$52,530     per year
                                        $25.25     per hour",High school diploma or equivalent,None,See How to Become One,"185,800",4% (As fast as average),"7,400","13,900","$50,980",3%,"August 27, 2026"
transportation-and-material-moving,heavy-and-tractor-trailer-truck-drivers,https://www.bls.gov/ooh/transportation-and-material-moving/heavy-and-tractor-trailer-truck-drivers.htm,Heavy and Tractor-Trailer Truck Drivers,"$58,640     per year
                                        $28.19     per hour",Postsecondary nondegree award,None,Short-term on-the-job training,"2,221,200",4% (As fast as average),"83,800","214,500","$50,980",3%,"August 27, 2026"
installation-maintenance-and-repair,automotive-service-technicians-and-mechanics,https://www.bls.gov/ooh/installation-maintenance-and-repair/automotive-service-technicians-and-mechanics.htm,Automotive Service Technicians and Mechanics,"$50,620     per year
                                        $24.34     per hour",Postsecondary nondegree award,None,Short-term on-the-job training,"825,800",5% (Faster than average),"40,900","66,200","$50,980",3%,"August 27, 2026"
business-and-financial,claims-adjusters-appraisers-examiners-and-investigators,https://www.bls.gov/ooh/business-and-financial/claims-adjusters-appraisers-examiners-and-investigators.htm,"Claims Adjusters, Appraisers, Examiners, and Investigators","$78,020     per year
                                        $37.51     per hour",See How to Become One,None,See How to Become One,"389,700",-6% (Decline),"-21,800","21,600","$50,980",3%,"August 27, 2026"
computer-and-information-technology,database-administrators,https://www.bls.gov/ooh/computer-and-information-technology/database-administrators.htm,Database Administrators and Architects,"$126,760     per year
                                        $60.94     per hour",Bachelor's degree,See How to Become One,None,"144,500",4% (As fast as average),"6,500","7,300","$50,980",3%,"August 27, 2026"
business-and-financial,insurance-underwriters,https://www.bls.gov/ooh/business-and-financial/insurance-underwriters.htm,Insurance Underwriters,"$81,370     per year
                                        $39.12     per hour",Bachelor's degree,None,Moderate-term on-the-job training,"125,600",-4% (Decline),"-4,800","6,800","$50,980",3%,"August 27, 2026"
arts-and-design,industrial-designers,https://www.bls.gov/ooh/arts-and-design/industrial-designers.htm,Industrial Designers,"$83,910     per year
                                        $40.34     per hour",Bachelor's degree,None,None,"35,400",2% (Slower than average),900,"2,800","$50,980",3%,"August 27, 2026"
production,machinists-and-tool-and-die-makers,https://www.bls.gov/ooh/production/machinists-and-tool-and-die-makers.htm,Machinists and Tool and Die Makers,"$59,620     per year
                                        $28.66     per hour",See How to Become One,None,Long-term on-the-job training,"344,900",-1% (Decline),"-2,200","30,400","$50,980",3%,"August 27, 2026"
architecture-and-engineering,materials-engineers,https://www.bls.gov/ooh/architecture-and-engineering/materials-engineers.htm,Materials Engineers,"$112,860     per year
                                        $54.26     per hour",Bachelor's degree,None,None,"23,800",8% (Much faster than average),"1,800","1,300","$50,980",3%,"August 27, 2026"
healthcare,medical-assistants,https://www.bls.gov/ooh/healthcare/medical-assistants.htm,Medical Assistants,"$45,690     per year
                                        $21.97     per hour",Postsecondary nondegree award,None,None,"833,900",13% (Much faster than average),"107,600","109,700","$50,980",3%,"August 27, 2026"
architecture-and-engineering,mechanical-engineers,https://www.bls.gov/ooh/architecture-and-engineering/mechanical-engineers.htm,Mechanical Engineers,"$104,110     per year
                                        $50.05     per hour",Bachelor's degree,None,None,"298,500",11% (Much faster than average),"33,500","17,800","$50,980",3%,"August 27, 2026"
sales,travel-agents,https://www.bls.gov/ooh/sales/travel-agents.htm,Travel Agents,"$50,160     per year
                                        $24.11     per hour",High school diploma or equivalent,None,Moderate-term on-the-job training,"61,500",0% (Little or no change),100,"5,900","$50,980",3%,"August 27, 2026"
production,woodworkers,https://www.bls.gov/ooh/production/woodworkers.htm,Woodworkers,"$45,310     per year
                                        $21.79     per hour",High school diploma or equivalent,None,See How to Become One,"199,900",-2% (Decline),"-4,900","18,100","$50,980",3%,"August 27, 2026"
life-physical-and-social-science,microbiologists,https://www.bls.gov/ooh/life-physical-and-social-science/microbiologists.htm,Microbiologists,"$87,990     per year
                                        $42.30     per hour",Bachelor's degree,None,None,"20,100",6% (Faster than average),"1,300","1,500","$50,980",3%,"August 27, 2026"
life-physical-and-social-science,biological-technicians,https://www.bls.gov/ooh/life-physical-and-social-science/biological-technicians.htm,Biological Technicians,"$57,510     per year
                                        $27.65     per hour",Bachelor's degree,None,None,"74,400",7% (Much faster than average),"5,500","9,400","$50,980",3%,"August 27, 2026"
production,bakers,https://www.bls.gov/ooh/production/bakers.htm,Bakers,"$37,160     per year
                                        $17.86     per hour",No formal educational credential,None,Moderate-term on-the-job training,"262,400",6% (Faster than average),"14,500","36,500","$50,980",3%,"August 27, 2026"
installation-maintenance-and-repair,industrial-machinery-mechanics-and-maintenance-workers-and-millwrights,https://www.bls.gov/ooh/installation-maintenance-and-repair/industrial-machinery-mechanics-and-maintenance-workers-and-millwrights.htm,"Industrial Machinery Mechanics, Machinery Maintenance Workers, and Millwrights","$64,100     per year
                                        $30.82     per hour",High school diploma or equivalent,None,See How to Become One,"547,300",14% (Much faster than average),"78,900","51,900","$50,980",3%,"August 27, 2026"
entertainment-and-sports,dancers-and-choreographers,https://www.bls.gov/ooh/entertainment-and-sports/dancers-and-choreographers.htm,Dancers and Choreographers,$25.40     per hour,See How to Become One,See How to Become One,Long-term on-the-job training,"18,600",2% (Slower than average),400,"2,200",NA,3%,"August 27, 2026"
life-physical-and-social-science,forensic-science-technicians,https://www.bls.gov/ooh/life-physical-and-social-science/forensic-science-technicians.htm,Forensic Science Technicians,"$72,060     per year
                                        $34.65     per hour",Bachelor's degree,None,Moderate-term on-the-job training,"20,100",13% (Much faster than average),"2,700","2,800","$50,980",3%,"August 27, 2026"
management,financial-managers,https://www.bls.gov/ooh/management/financial-managers.htm,Financial Managers,"$166,570     per year
                                        $80.08     per hour",Bachelor's degree,5 years or more,None,"879,700",10% (Much faster than average),"84,900","65,600","$50,980",3%,"August 27, 2026"
business-and-financial,financial-examiners,https://www.bls.gov/ooh/business-and-financial/financial-examiners.htm,Financial Examiners,"$94,160     per year
                                        $45.27     per hour",Bachelor's degree,None,Long-term on-the-job training,"70,000",9% (Much faster than average),"6,500","4,500","$50,980",3%,"August 27, 2026"
office-and-administrative-support,financial-clerks,https://www.bls.gov/ooh/office-and-administrative-support/financial-clerks.htm,Financial Clerks,"$49,990     per year
                                        $24.04     per hour",High school diploma or equivalent,None,See How to Become One,"1,144,900",-4% (Decline),"-45,400","88,000","$50,980",3%,"August 27, 2026"
office-and-administrative-support,tellers,https://www.bls.gov/ooh/office-and-administrative-support/tellers.htm,Tellers,"$43,030     per year
                                        $20.69     per hour",High school diploma or equivalent,None,Short-term on-the-job training,"339,200",-13% (Decline),"-44,700","26,800","$50,980",3%,"August 27, 2026"
food-preparation-and-serving,chefs-and-head-cooks,https://www.bls.gov/ooh/food-preparation-and-serving/chefs-and-head-cooks.htm,Chefs and Head Cooks,"$62,470     per year
                                        $30.03     per hour",High school diploma or equivalent,5 years or more,None,"220,300",7% (Much faster than average),"14,400","25,200","$50,980",3%,"August 27, 2026"
food-preparation-and-serving,cooks,https://www.bls.gov/ooh/food-preparation-and-serving/cooks.htm,Cooks,"$36,640     per year
                                        $17.62     per hour",See How to Become One,See How to Become One,See How to Become One,"2,705,800",7% (Much faster than average),"183,200","393,200",NA,3%,"August 27, 2026"
management,food-service-managers,https://www.bls.gov/ooh/management/food-service-managers.htm,Food Service Managers,"$69,390     per year
                                        $33.36     per hour",High school diploma or equivalent,Less than 5 years,Short-term on-the-job training,"344,300",6% (Faster than average),"19,900","38,800","$50,980",3%,"August 27, 2026"
food-preparation-and-serving,food-and-beverage-serving-and-related-workers,https://www.bls.gov/ooh/food-preparation-and-serving/food-and-beverage-serving-and-related-workers.htm,Food and Beverage Serving and Related Workers,"$31,710     per year
                                        $15.24     per hour",No formal educational credential,None,Short-term on-the-job training,"5,143,000",5% (Faster than average),"280,800","1,078,500",NA,3%,"August 27, 2026"
personal-care-and-service,barbers-hairstylists-and-cosmetologists,https://www.bls.gov/ooh/personal-care-and-service/barbers-hairstylists-and-cosmetologists.htm,"Barbers, Hairstylists, and Cosmetologists","$35,880     per year
                                        $17.25     per hour",Postsecondary nondegree award,None,None,"670,800",7% (Much faster than average),"48,400","80,300",NA,3%,"August 27, 2026"
food-preparation-and-serving,bartenders,https://www.bls.gov/ooh/food-preparation-and-serving/bartenders.htm,Bartenders,"$34,340     per year
                                        $16.51     per hour",No formal educational credential,None,Short-term on-the-job training,"762,600",5% (Faster than average),"37,900","121,200",NA,3%,"August 27, 2026"
protective-service,recreational-protective-service-workers,https://www.bls.gov/ooh/protective-service/recreational-protective-service-workers.htm,Recreational Protective Service Workers,"$33,580     per year
                                        $16.14     per hour",No formal educational credential,None,Short-term on-the-job training,"162,000",5% (Faster than average),"8,900","45,400","$50,980",3%,"August 27, 2026"
construction-and-extraction,carpenters,https://www.bls.gov/ooh/construction-and-extraction/carpenters.htm,Carpenters,"$60,580     per year
                                        $29.12     per hour",High school diploma or equivalent,None,Apprenticeship,"889,700",4% (As fast as average),"35,000","62,800","$50,980",3%,"August 27, 2026"
office-and-administrative-support,material-recording-clerks,https://www.bls.gov/ooh/office-and-administrative-support/material-recording-clerks.htm,Material Recording Clerks,"$47,600     per year
                                        $22.89     per hour",High school diploma or equivalent,None,See How to Become One,"1,273,500",-6% (Decline),"-70,300","98,600","$50,980",3%,"August 27, 2026"
management,lodging-managers,https://www.bls.gov/ooh/management/lodging-managers.htm,Lodging Managers,"$69,250     per year
                                        $33.29     per hour",High school diploma or equivalent,Less than 5 years,None,"54,800",4% (As fast as average),"2,100","5,500","$50,980",3%,"August 27, 2026"
production,butchers-and-meat-cutters,https://www.bls.gov/ooh/production/butchers-and-meat-cutters.htm,"Meat, Poultry, and Fish Processing Workers","$39,190     per year
                                        $18.84     per hour",No formal educational credential,None,See How to Become One,"359,300",4% (As fast as average),"13,300","39,800","$50,980",3%,"August 27, 2026"
healthcare,psychiatric-technicians-and-aides,https://www.bls.gov/ooh/healthcare/psychiatric-technicians-and-aides.htm,Psychiatric Technicians and Aides,"$45,100     per year
                                        $21.68     per hour",See How to Become One,See How to Become One,Short-term on-the-job training,"198,400",18% (Much faster than average),"36,700","21,900","$50,980",3%,"August 27, 2026"
business-and-financial,compensation-benefits-and-job-analysis-specialists,https://www.bls.gov/ooh/business-and-financial/compensation-benefits-and-job-analysis-specialists.htm,"Compensation, Benefits, and Job Analysis Specialists","$78,210     per year
                                        $37.60     per hour",Bachelor's degree,Less than 5 years,None,"118,100",6% (Faster than average),"7,100","9,000","$50,980",3%,"August 27, 2026"
architecture-and-engineering,biomedical-engineers,https://www.bls.gov/ooh/architecture-and-engineering/biomedical-engineers.htm,Bioengineers and Biomedical Engineers,"$109,370     per year
                                        $52.58     per hour",Bachelor's degree,None,None,"23,800",8% (Much faster than average),"1,800","1,200","$50,980",3%,"August 27, 2026"
life-physical-and-social-science,biochemists-and-biophysicists,https://www.bls.gov/ooh/life-physical-and-social-science/biochemists-and-biophysicists.htm,Biochemists and Biophysicists,"$127,410     per year
                                        $61.26     per hour",Doctoral or professional degree,None,None,"35,200",12% (Much faster than average),"4,300","2,900","$50,980",3%,"August 27, 2026"
healthcare,clinical-laboratory-technologists-and-technicians,https://www.bls.gov/ooh/healthcare/clinical-laboratory-technologists-and-technicians.htm,Clinical Laboratory Technologists and Technicians,"$62,930     per year
                                        $30.26     per hour",Bachelor's degree,None,None,"343,000",3% (As fast as average),"9,400","20,800","$50,980",3%,"August 27, 2026"
installation-maintenance-and-repair,diesel-service-technicians-and-mechanics,https://www.bls.gov/ooh/installation-maintenance-and-repair/diesel-service-technicians-and-mechanics.htm,Diesel Service Technicians and Mechanics,"$61,770     per year
                                        $29.70     per hour",High school diploma or equivalent,None,Long-term on-the-job training,"316,000",4% (As fast as average),"11,400","24,400","$50,980",3%,"August 27, 2026"
life-physical-and-social-science,geographers,https://www.bls.gov/ooh/life-physical-and-social-science/geographers.htm,Geographers,"$102,040     per year
                                        $49.06     per hour",Bachelor's degree,None,None,"1,500",-2% (Decline),0,100,"$50,980",3%,"August 27, 2026"
installation-maintenance-and-repair,medical-equipment-repairers,https://www.bls.gov/ooh/installation-maintenance-and-repair/medical-equipment-repairers.htm,Medical Equipment Repairers,"$61,660     per year
                                        $29.64     per hour",Associate's degree,None,Moderate-term on-the-job training,"71,800",13% (Much faster than average),"9,100","8,200","$50,980",3%,"August 27, 2026"
healthcare,home-health-aides-and-personal-care-aides,https://www.bls.gov/ooh/healthcare/home-health-aides-and-personal-care-aides.htm,Home Health and Personal Care Aides,"$35,800     per year
                                        $17.21     per hour",High school diploma or equivalent,None,Short-term on-the-job training,"4,677,100",18% (Much faster than average),"847,300","760,500","$50,980",3%,"August 27, 2026"
transportation-and-material-moving,delivery-truck-drivers-and-driver-sales-workers,https://www.bls.gov/ooh/transportation-and-material-moving/delivery-truck-drivers-and-driver-sales-workers.htm,Delivery Truck Drivers and Driver/Sales Workers,"$43,950     per year
                                        $21.13     per hour",High school diploma or equivalent,None,Short-term on-the-job training,"1,511,400",7% (Much faster than average),"103,000","152,700","$50,980",3%,"August 27, 2026"
construction-and-extraction,insulation-workers,https://www.bls.gov/ooh/construction-and-extraction/insulation-workers.htm,Insulation Workers,"$51,330     per year
                                        $24.68     per hour",See How to Become One,None,See How to Become One,"71,900",3% (As fast as average),"2,500","4,800","$50,980",3%,"August 27, 2026"
production,stationary-engineers-and-boiler-operators,https://www.bls.gov/ooh/production/stationary-engineers-and-boiler-operators.htm,Stationary Engineers and Boiler Operators,"$78,620     per year
                                        $37.80     per hour",High school diploma or equivalent,None,Long-term on-the-job training,"31,200",3% (As fast as average),"1,000","3,200","$50,980",3%,"August 27, 2026"
construction-and-extraction,boilermakers,https://www.bls.gov/ooh/construction-and-extraction/boilermakers.htm,Boilermakers,"$76,410     per year
                                        $36.74     per hour",High school diploma or equivalent,None,Apprenticeship,"10,200",-2% (Decline),-200,700,"$50,980",3%,"August 27, 2026"
media-and-communication,reporters-correspondents-and-broadcast-news-analysts,https://www.bls.gov/ooh/media-and-communication/reporters-correspondents-and-broadcast-news-analysts.htm,"News Analysts, Reporters, and Journalists","$62,200     per year
                                        $29.91     per hour",Bachelor's degree,None,None,"47,100",-6% (Decline),"-2,800","3,400","$50,980",3%,"August 27, 2026"
arts-and-design,craft-and-fine-artists,https://www.bls.gov/ooh/arts-and-design/craft-and-fine-artists.htm,Craft and Fine Artists,"$55,290     per year
                                        $26.58     per hour",See How to Become One,None,Long-term on-the-job training,"53,400",-1% (Decline),-300,"4,300","$50,980",3%,"August 27, 2026"
education-training-and-library,library-technicians-and-assistants,https://www.bls.gov/ooh/education-training-and-library/library-technicians-and-assistants.htm,Library Technicians and Assistants,"$38,760     per year
                                        $18.64     per hour",See How to Become One,None,See How to Become One,"162,300",-6% (Decline),"-10,400","23,100",NA,3%,"August 27, 2026"
protective-service,police-and-detectives,https://www.bls.gov/ooh/protective-service/police-and-detectives.htm,Police and Detectives,"$77,310     per year
                                        $37.17     per hour",See How to Become One,See How to Become One,Moderate-term on-the-job training,"824,200",3% (As fast as average),"24,200","60,100","$50,980",3%,"August 27, 2026"
sales,wholesale-and-manufacturing-sales-representatives,https://www.bls.gov/ooh/sales/wholesale-and-manufacturing-sales-representatives.htm,Wholesale and Manufacturing Sales Representatives,"$76,460     per year
                                        $36.76     per hour",See How to Become One,None,Moderate-term on-the-job training,"1,571,400",0% (Little or no change),"-7,700","123,400","$50,980",3%,"August 27, 2026"
business-and-financial,loan-officers,https://www.bls.gov/ooh/business-and-financial/loan-officers.htm,Loan Officers,"$76,690     per year
                                        $36.87     per hour",Bachelor's degree,Less than 5 years,Moderate-term on-the-job training,"283,000",1% (Slower than average),"3,100","17,100","$50,980",3%,"August 27, 2026"
construction-and-extraction,structural-iron-and-steel-workers,https://www.bls.gov/ooh/construction-and-extraction/structural-iron-and-steel-workers.htm,Ironworkers,"$61,910     per year
                                        $29.77     per hour",High school diploma or equivalent,None,Apprenticeship,"84,800",1% (Slower than average),"1,300","6,800","$50,980",3%,"August 27, 2026"
construction-and-extraction,painters-construction-and-maintenance,https://www.bls.gov/ooh/construction-and-extraction/painters-construction-and-maintenance.htm,"Painters, Construction and Maintenance","$49,400     per year
                                        $23.75     per hour",No formal educational credential,None,Moderate-term on-the-job training,"326,900",3% (As fast as average),"9,800","24,900","$50,980",3%,"August 27, 2026"
entertainment-and-sports,producers-and-directors,https://www.bls.gov/ooh/entertainment-and-sports/producers-and-directors.htm,Producers and Directors,"$90,360     per year
                                        $43.44     per hour",Bachelor's degree,Less than 5 years,None,"181,000",4% (As fast as average),"7,300","12,100","$50,980",3%,"August 27, 2026"
business-and-financial,budget-analysts,https://www.bls.gov/ooh/business-and-financial/budget-analysts.htm,Budget Analysts,"$91,640     per year
                                        $44.06     per hour",Bachelor's degree,None,None,"50,400",2% (Slower than average),"1,000","2,900","$50,980",3%,"August 27, 2026"
building-and-grounds-cleaning,janitors-and-building-cleaners,https://www.bls.gov/ooh/building-and-grounds-cleaning/janitors-and-building-cleaners.htm,Janitors and Building Cleaners,"$36,840     per year
                                        $17.71     per hour",No formal educational credential,None,Short-term on-the-job training,"2,432,600",2% (Slower than average),"53,600","321,800",NA,3%,"August 27, 2026"
installation-maintenance-and-repair,general-maintenance-and-repair-workers,https://www.bls.gov/ooh/installation-maintenance-and-repair/general-maintenance-and-repair-workers.htm,General Maintenance and Repair Workers,"$49,590     per year
                                        $23.84     per hour",High school diploma or equivalent,None,Moderate-term on-the-job training,"1,621,800",4% (As fast as average),"68,600","148,700","$50,980",3%,"August 27, 2026"
office-and-administrative-support,postal-service-workers,https://www.bls.gov/ooh/office-and-administrative-support/postal-service-workers.htm,Postal Service Workers,"$59,880     per year
                                        $28.79     per hour",No formal educational credential,None,Short-term on-the-job training,"488,500",-1% (Decline),"-6,400","32,200","$50,980",3%,"August 27, 2026"
transportation-and-material-moving,bus-drivers,https://www.bls.gov/ooh/transportation-and-material-moving/bus-drivers.htm,Bus Drivers,"$49,390     per year
                                        $23.75     per hour",High school diploma or equivalent,None,See How to Become One,"563,200",2% (Slower than average),"9,800","77,600","$50,980",3%,"August 27, 2026"
business-and-financial,management-analysts,https://www.bls.gov/ooh/business-and-financial/management-analysts.htm,Management Analysts,"$101,860     per year
                                        $48.97     per hour",Bachelor's degree,Less than 5 years,None,"1,077,100",10% (Much faster than average),"109,200","94,100","$50,980",3%,"August 27, 2026"
math,data-scientists,https://www.bls.gov/ooh/math/data-scientists.htm,Data Scientists,"$120,230     per year
                                        $57.80     per hour",Bachelor's degree,None,None,"275,600",35% (Much faster than average),"95,400","24,800","$50,980",3%,"August 27, 2026"
healthcare,nursing-assistants,https://www.bls.gov/ooh/healthcare/nursing-assistants.htm,Nursing Assistants and Orderlies,"$41,870     per year
                                        $20.13     per hour",See How to Become One,None,See How to Become One,"1,558,700",3% (As fast as average),"41,100","203,300","$50,980",3%,"August 27, 2026"
installation-maintenance-and-repair,telecommunications-equipment-installers-and-repairers-except-line-installers,https://www.bls.gov/ooh/installation-maintenance-and-repair/telecommunications-equipment-installers-and-repairers-except-line-installers.htm,Telecommunications Technicians,"$66,200     per year
                                        $31.83     per hour",See How to Become One,None,See How to Become One,"257,800",-3% (Decline),"-8,100","20,300","$50,980",3%,"August 27, 2026"
architecture-and-engineering,cartographers-and-photogrammetrists,https://www.bls.gov/ooh/architecture-and-engineering/cartographers-and-photogrammetrists.htm,Cartographers and Photogrammetrists,"$81,390     per year
                                        $39.13     per hour",Bachelor's degree,None,None,"14,700",7% (Much faster than average),"1,100",900,"$50,980",3%,"August 27, 2026"
installation-maintenance-and-repair,calibration-technologists-and-technicians,https://www.bls.gov/ooh/installation-maintenance-and-repair/calibration-technologists-and-technicians.htm,Calibration Technologists and Technicians,"$67,820     per year
                                        $32.61     per hour",Associate's degree,None,None,"17,000",5% (Faster than average),800,"1,500","$50,980",3%,"August 27, 2026"
business-and-financial,fundraisers,https://www.bls.gov/ooh/business-and-financial/fundraisers.htm,Fundraisers,"$72,550     per year
                                        $34.88     per hour",Bachelor's degree,None,None,"140,900",6% (Faster than average),"7,800","10,000","$50,980",3%,"August 27, 2026"
personal-care-and-service,recreation-workers,https://www.bls.gov/ooh/personal-care-and-service/recreation-workers.htm,Recreation Workers,"$36,560     per year
                                        $17.58     per hour",High school diploma or equivalent,None,Short-term on-the-job training,"346,900",4% (As fast as average),"15,000","67,000","$50,980",3%,"August 27, 2026"
healthcare,health-information-technologists-and-medical-registrars,https://www.bls.gov/ooh/healthcare/health-information-technologists-and-medical-registrars.htm,Health Information Technologists and Medical Registrars,"$68,020     per year
                                        $32.70     per hour",Associate's degree,None,None,"42,000",16% (Much faster than average),"6,700","3,000","$50,980",3%,"August 27, 2026"
life-physical-and-social-science,medical-scientists,https://www.bls.gov/ooh/life-physical-and-social-science/medical-scientists.htm,Medical Scientists,"$103,410     per year
                                        $49.72     per hour",Doctoral or professional degree,None,None,"181,000",13% (Much faster than average),"22,700","10,500","$50,980",3%,"August 27, 2026"
healthcare,diagnostic-medical-sonographers,https://www.bls.gov/ooh/healthcare/diagnostic-medical-sonographers.htm,Diagnostic Medical Sonographers,"$96,590     per year
                                        $46.44     per hour",Associate's degree,None,None,"92,200",14% (Much faster than average),"12,900","6,000","$50,980",3%,"August 27, 2026"
healthcare,cardiovascular-technologists-and-technicians,https://www.bls.gov/ooh/healthcare/cardiovascular-technologists-and-technicians.htm,Cardiovascular Technologists and Technicians,"$74,310     per year
                                        $35.73     per hour",Associate's degree,None,None,"64,500",4% (As fast as average),"2,400","3,400","$50,980",3%,"August 27, 2026"
healthcare,physical-therapists,https://www.bls.gov/ooh/healthcare/physical-therapists.htm,Physical Therapists,"$102,760     per year
                                        $49.40     per hour",Doctoral or professional degree,None,None,"283,700",12% (Much faster than average),"33,800","13,400","$50,980",3%,"August 27, 2026"
construction-and-extraction,tile-and-marble-setters,https://www.bls.gov/ooh/construction-and-extraction/tile-and-marble-setters.htm,Flooring Installers and Tile and Stone Setters,"$54,390     per year
                                        $26.15     per hour",No formal educational credential,None,See How to Become One,"97,000",4% (As fast as average),"4,300","6,400","$50,980",3%,"August 27, 2026"
architecture-and-engineering,surveying-and-mapping-technicians,https://www.bls.gov/ooh/architecture-and-engineering/surveying-and-mapping-technicians.htm,Surveying and Mapping Technicians,"$54,240     per year
                                        $26.08     per hour",High school diploma or equivalent,None,Moderate-term on-the-job training,"58,800",6% (Faster than average),"3,400","6,900","$50,980",3%,"August 27, 2026"
sales,cashiers,https://www.bls.gov/ooh/sales/cashiers.htm,Cashiers,"$32,880     per year
                                        $15.81     per hour",No formal educational credential,None,Short-term on-the-job training,"3,106,300",-6% (Decline),"-200,600","521,300",NA,3%,"August 27, 2026"
business-and-financial,purchasing-managers-buyers-and-purchasing-agents,https://www.bls.gov/ooh/business-and-financial/purchasing-managers-buyers-and-purchasing-agents.htm,"Purchasing Managers, Buyers, and Purchasing Agents","$81,670     per year
                                        $39.27     per hour",Bachelor's degree,See How to Become One,See How to Become One,"604,400",6% (Faster than average),"34,400","53,600","$50,980",3%,"August 27, 2026"
healthcare,registered-nurses,https://www.bls.gov/ooh/healthcare/registered-nurses.htm,Registered Nurses,"$97,550     per year
                                        $46.90     per hour",Bachelor's degree,None,None,"3,465,400",6% (Faster than average),"194,700","180,800","$50,980",3%,"August 27, 2026"
healthcare,dental-assistants,https://www.bls.gov/ooh/healthcare/dental-assistants.htm,Dental Assistants,"$48,070     per year
                                        $23.11     per hour",Postsecondary nondegree award,None,None,"388,600",7% (Much faster than average),"28,800","53,000","$50,980",3%,"August 27, 2026"
protective-service,correctional-officers,https://www.bls.gov/ooh/protective-service/correctional-officers.htm,Correctional Officers and Bailiffs,"$58,850     per year
                                        $28.30     per hour",High school diploma or equivalent,None,Moderate-term on-the-job training,"415,800",-7% (Decline),"-29,900","30,000","$50,980",3%,"August 27, 2026"
community-and-social-service,health-educators,https://www.bls.gov/ooh/community-and-social-service/health-educators.htm,Health Education Specialists,"$64,070     per year
                                        $30.80     per hour",Bachelor's degree,None,None,"70,400",6% (Faster than average),"3,900","6,900","$50,980",3%,"August 27, 2026"
business-and-financial,personal-financial-advisors,https://www.bls.gov/ooh/business-and-financial/personal-financial-advisors.htm,Personal Financial Advisors,"$105,070     per year
                                        $50.51     per hour",Bachelor's degree,None,Long-term on-the-job training,"299,400",1% (Slower than average),"4,100","17,100","$50,980",3%,"August 27, 2026"
healthcare,genetic-counselors,https://www.bls.gov/ooh/healthcare/genetic-counselors.htm,Genetic Counselors,"$100,040     per year
                                        $48.09     per hour",Master's degree,None,None,"4,200",10% (Much faster than average),400,300,"$50,980",3%,"August 27, 2026"
healthcare,occupational-health-and-safety-specialists-and-technicians,https://www.bls.gov/ooh/healthcare/occupational-health-and-safety-specialists-and-technicians.htm,Occupational Health and Safety Specialists and Technicians,"$83,740     per year
                                        $40.26     per hour",See How to Become One,None,See How to Become One,"174,300",19% (Much faster than average),"32,500","20,900","$50,980",3%,"August 27, 2026"
arts-and-design,interior-designers,https://www.bls.gov/ooh/arts-and-design/interior-designers.htm,Interior Designers,"$67,190     per year
                                        $32.31     per hour",Bachelor's degree,None,None,"97,100",3% (As fast as average),"2,600","7,700","$50,980",3%,"August 27, 2026"
protective-service,private-detectives-and-investigators,https://www.bls.gov/ooh/protective-service/private-detectives-and-investigators.htm,Private Detectives and Investigators,"$51,220     per year
                                        $24.62     per hour",High school diploma or equivalent,Less than 5 years,Moderate-term on-the-job training,"39,500",5% (Faster than average),"2,200","3,200","$50,980",3%,"August 27, 2026"
healthcare,medical-dosimetrists,https://www.bls.gov/ooh/healthcare/medical-dosimetrists.htm,Medical Dosimetrists,"$147,470     per year
                                        $70.90     per hour",Bachelor's degree,None,None,"3,500",5% (Faster than average),200,200,"$50,980",3%,"August 27, 2026"
healthcare,medical-transcriptionists,https://www.bls.gov/ooh/healthcare/medical-transcriptionists.htm,Medical Transcriptionists,"$40,410     per year
                                        $19.43     per hour",Postsecondary nondegree award,None,None,"42,000",-4% (Decline),"-1,900","6,200","$50,980",3%,"August 27, 2026"
business-and-financial,meeting-convention-and-event-planners,https://www.bls.gov/ooh/business-and-financial/meeting-convention-and-event-planners.htm,"Meeting, Convention, and Event Planners","$61,160     per year
                                        $29.41     per hour",Bachelor's degree,None,None,"172,100",6% (Faster than average),"10,000","16,800","$50,980",3%,"August 27, 2026"
personal-care-and-service,funeral-service-occupations,https://www.bls.gov/ooh/personal-care-and-service/funeral-service-occupations.htm,Funeral Service Workers,"$61,410     per year
                                        $29.52     per hour",Associate's degree,See How to Become One,See How to Become One,"61,500",4% (As fast as average),"2,200","5,600","$50,980",3%,"August 27, 2026"
healthcare,nuclear-medicine-technologists,https://www.bls.gov/ooh/healthcare/nuclear-medicine-technologists.htm,Nuclear Medicine Technologists,"$101,370     per year
                                        $48.74     per hour",Associate's degree,None,None,"17,400",4% (As fast as average),800,800,"$50,980",3%,"August 27, 2026"
healthcare,occupational-therapy-assistants-and-aides,https://www.bls.gov/ooh/healthcare/occupational-therapy-assistants-and-aides.htm,Occupational Therapy Assistants and Aides,"$70,800     per year
                                        $34.04     per hour",See How to Become One,None,See How to Become One,"56,600",20% (Much faster than average),"11,400","8,600","$50,980",3%,"August 27, 2026"
healthcare,opticians-dispensing,https://www.bls.gov/ooh/healthcare/opticians-dispensing.htm,Opticians,"$47,260     per year
                                        $22.72     per hour",High school diploma or equivalent,None,Long-term on-the-job training,"74,300",4% (As fast as average),"3,100","5,600","$50,980",3%,"August 27, 2026"
building-and-grounds-cleaning,grounds-maintenance-workers,https://www.bls.gov/ooh/building-and-grounds-cleaning/grounds-maintenance-workers.htm,Grounds Maintenance Workers,"$40,080     per year
                                        $19.27     per hour",See How to Become One,None,See How to Become One,"1,299,200",5% (Faster than average),"60,100","162,500",NA,3%,"August 27, 2026"
healthcare,pharmacy-technicians,https://www.bls.gov/ooh/healthcare/pharmacy-technicians.htm,Pharmacy Technicians,"$45,750     per year
                                        $22.00     per hour",High school diploma or equivalent,None,Moderate-term on-the-job training,"471,200",6% (Faster than average),"30,100","44,700","$50,980",3%,"August 27, 2026"
healthcare,phlebotomists,https://www.bls.gov/ooh/healthcare/phlebotomists.htm,Phlebotomists,"$45,230     per year
                                        $21.75     per hour",Postsecondary nondegree award,None,None,"143,900",7% (Much faster than average),"9,800","18,000","$50,980",3%,"August 27, 2026"
healthcare,recreational-therapists,https://www.bls.gov/ooh/healthcare/recreational-therapists.htm,Recreational Therapists,"$61,960     per year
                                        $29.79     per hour",Bachelor's degree,None,None,"15,600",5% (Faster than average),800,"1,400","$50,980",3%,"August 27, 2026"
community-and-social-service,rehabilitation-counselors,https://www.bls.gov/ooh/community-and-social-service/rehabilitation-counselors.htm,Rehabilitation Counselors,"$46,850     per year
                                        $22.52     per hour",Master's degree,None,None,"96,900",2% (Slower than average),"2,200","8,200","$50,980",3%,"August 27, 2026"
healthcare,respiratory-therapists,https://www.bls.gov/ooh/healthcare/respiratory-therapists.htm,Respiratory Therapists,"$82,280     per year
                                        $39.56     per hour",Associate's degree,None,None,"142,000",9% (Much faster than average),"12,100","8,600","$50,980",3%,"August 27, 2026"
healthcare,surgical-technologists,https://www.bls.gov/ooh/healthcare/surgical-technologists.htm,Surgical Assistants and Technologists,"$64,700     per year
                                        $31.10     per hour",Postsecondary nondegree award,None,None,"142,800",5% (Faster than average),"7,400","8,600","$50,980",3%,"August 27, 2026"
healthcare,veterinary-technologists-and-technicians,https://www.bls.gov/ooh/healthcare/veterinary-technologists-and-technicians.htm,Veterinary Technologists and Technicians,"$47,380     per year
                                        $22.78     per hour",Associate's degree,None,None,"131,400",9% (Much faster than average),"12,300","13,400","$50,980",3%,"August 27, 2026"
construction-and-extraction,electricians,https://www.bls.gov/ooh/construction-and-extraction/electricians.htm,Electricians,"$63,190     per year
                                        $30.38     per hour",High school diploma or equivalent,None,Apprenticeship,"821,000",9% (Much faster than average),"75,900","72,700","$50,980",3%,"August 27, 2026"
management,medical-and-health-services-managers,https://www.bls.gov/ooh/management/medical-and-health-services-managers.htm,Medical and Health Services Managers,"$123,860     per year
                                        $59.55     per hour",Bachelor's degree,Less than 5 years,None,"640,400",24% (Much faster than average),"155,100","62,300","$50,980",3%,"August 27, 2026"
community-and-social-service,marriage-and-family-therapists,https://www.bls.gov/ooh/community-and-social-service/marriage-and-family-therapists.htm,Marriage and Family Therapists,"$66,940     per year
                                        $32.18     per hour",Master's degree,None,Internship/residency,"76,300",14% (Much faster than average),"10,300","6,900","$50,980",3%,"August 27, 2026"
management,preschool-and-childcare-center-directors,https://www.bls.gov/ooh/management/preschool-and-childcare-center-directors.htm,Preschool and Childcare Center Directors,"$59,300     per year
                                        $28.51     per hour",Bachelor's degree,Less than 5 years,None,"91,900",-3% (Decline),"-2,900","5,200","$50,980",3%,"August 27, 2026"
management,social-and-community-service-managers,https://www.bls.gov/ooh/management/social-and-community-service-managers.htm,Social and Community Service Managers,"$80,390     per year
                                        $38.65     per hour",Bachelor's degree,Less than 5 years,None,"231,000",7% (Much faster than average),"16,600","18,500","$50,980",3%,"August 27, 2026"
healthcare,podiatrists,https://www.bls.gov/ooh/healthcare/podiatrists.htm,Podiatrists,"$160,300     per year
                                        $77.07     per hour",Doctoral or professional degree,None,Internship/residency,"10,000",2% (Slower than average),200,200,"$50,980",3%,"August 27, 2026"
healthcare,chiropractors,https://www.bls.gov/ooh/healthcare/chiropractors.htm,Chiropractors,"$79,200     per year
                                        $38.08     per hour",Doctoral or professional degree,None,None,"61,700",9% (Much faster than average),"5,300","2,600","$50,980",3%,"August 27, 2026"
entertainment-and-sports,music-directors-and-composers,https://www.bls.gov/ooh/entertainment-and-sports/music-directors-and-composers.htm,Music Directors and Composers,"$73,710     per year
                                        $35.44     per hour",Bachelor's degree,Less than 5 years,None,"51,100",1% (Slower than average),600,"4,200","$50,980",3%,"August 27, 2026"
community-and-social-service,community-health-workers,https://www.bls.gov/ooh/community-and-social-service/community-health-workers.htm,Community Health Workers,"$51,850     per year
                                        $24.93     per hour",High school diploma or equivalent,None,Short-term on-the-job training,"64,700",13% (Much faster than average),"8,200","7,000","$50,980",3%,"August 27, 2026"
business-and-financial,tax-examiners-and-collectors-and-revenue-agents,https://www.bls.gov/ooh/business-and-financial/tax-examiners-and-collectors-and-revenue-agents.htm,"Tax Examiners and Collectors, and Revenue Agents","$62,370     per year
                                        $29.98     per hour",Bachelor's degree,None,Moderate-term on-the-job training,"60,100",-1% (Decline),-600,"4,400","$50,980",3%,"August 27, 2026"
life-physical-and-social-science,urban-and-regional-planners,https://www.bls.gov/ooh/life-physical-and-social-science/urban-and-regional-planners.htm,Urban and Regional Planners,"$89,320     per year
                                        $42.94     per hour",Master's degree,None,None,"45,800",4% (As fast as average),"1,800","3,200","$50,980",3%,"August 27, 2026"
architecture-and-engineering,surveyors,https://www.bls.gov/ooh/architecture-and-engineering/surveyors.htm,Surveyors,"$75,440     per year
                                        $36.27     per hour",Bachelor's degree,None,Internship/residency,"52,000",6% (Faster than average),"3,000","3,100","$50,980",3%,"August 27, 2026"
architecture-and-engineering,civil-engineering-technicians,https://www.bls.gov/ooh/architecture-and-engineering/civil-engineering-technicians.htm,Civil Engineering Technologists and Technicians,"$64,950     per year
                                        $31.23     per hour",Associate's degree,None,None,"70,900",3% (As fast as average),"2,300","6,100","$50,980",3%,"August 27, 2026"
production,semiconductor-processing-technicians,https://www.bls.gov/ooh/production/semiconductor-processing-technicians.htm,Semiconductor Processing Technicians,"$51,430     per year
                                        $24.73     per hour",High school diploma or equivalent,None,Moderate-term on-the-job training,"31,200",8% (Much faster than average),"2,600","3,400","$50,980",3%,"August 27, 2026"
healthcare,dietitians-and-nutritionists,https://www.bls.gov/ooh/healthcare/dietitians-and-nutritionists.htm,Dietitians and Nutritionists,"$76,400     per year
                                        $36.73     per hour",Bachelor's degree,None,Internship/residency,"86,300",8% (Much faster than average),"6,700","5,700","$50,980",3%,"August 27, 2026"
life-physical-and-social-science,epidemiologists,https://www.bls.gov/ooh/life-physical-and-social-science/epidemiologists.htm,Epidemiologists,"$87,220     per year
                                        $41.93     per hour",Master's degree,None,None,"12,800",19% (Much faster than average),"2,400",800,"$50,980",3%,"August 27, 2026"
healthcare,physical-therapist-assistants-and-aides,https://www.bls.gov/ooh/healthcare/physical-therapist-assistants-and-aides.htm,Physical Therapist Assistants and Aides,"$61,200     per year
                                        $29.42     per hour",See How to Become One,None,See How to Become One,"163,200",17% (Much faster than average),"28,200","24,900","$50,980",3%,"August 27, 2026"
transportation-and-material-moving,railroad-occupations,https://www.bls.gov/ooh/transportation-and-material-moving/railroad-occupations.htm,Railroad Workers,"$78,820     per year
                                        $37.90     per hour",High school diploma or equivalent,See How to Become One,Moderate-term on-the-job training,"80,500",1% (Slower than average),600,"6,100","$50,980",3%,"August 27, 2026"
food-preparation-and-serving,waiters-and-waitresses,https://www.bls.gov/ooh/food-preparation-and-serving/waiters-and-waitresses.htm,Waiters and Waitresses,"$35,230     per year
                                        $16.94     per hour",No formal educational credential,None,Short-term on-the-job training,"2,284,400",2% (Slower than average),"46,500","423,100",NA,3%,"August 27, 2026"
farming-fishing-and-forestry,logging-workers,https://www.bls.gov/ooh/farming-fishing-and-forestry/logging-workers.htm,Logging Workers,"$49,660     per year
                                        $23.88     per hour",High school diploma or equivalent,None,Moderate-term on-the-job training,"40,400",-5% (Decline),"-1,800","5,000","$50,980",3%,"August 27, 2026"
sales,securities-commodities-and-financial-services-sales-agents,https://www.bls.gov/ooh/sales/securities-commodities-and-financial-services-sales-agents.htm,"Securities, Commodities, and Financial Services Sales Agents","$78,660     per year
                                        $37.82     per hour",Bachelor's degree,None,Moderate-term on-the-job training,"531,000",1% (Slower than average),"7,500","35,100","$50,980",3%,"August 27, 2026"
management,public-relations-managers,https://www.bls.gov/ooh/management/public-relations-managers.htm,Public Relations and Fundraising Managers,"$136,470     per year
                                        $65.61     per hour",Bachelor's degree,5 years or more,None,"129,600",6% (Faster than average),"7,200","9,800","$50,980",3%,"August 27, 2026"
management,compensation-and-benefits-managers,https://www.bls.gov/ooh/management/compensation-and-benefits-managers.htm,Compensation and Benefits Managers,"$149,230     per year
                                        $71.75     per hour",Bachelor's degree,5 years or more,None,"23,700",1% (Slower than average),300,"1,600","$50,980",3%,"August 27, 2026"
office-and-administrative-support,customer-service-representatives,https://www.bls.gov/ooh/office-and-administrative-support/customer-service-representatives.htm,Customer Service Representatives,"$44,770     per year
                                        $21.53     per hour",High school diploma or equivalent,None,Short-term on-the-job training,"2,666,000",-5% (Decline),"-141,800","289,500",NA,3%,"August 27, 2026"
construction-and-extraction,roofers,https://www.bls.gov/ooh/construction-and-extraction/roofers.htm,Roofers,"$55,440     per year
                                        $26.65     per hour",No formal educational credential,None,Moderate-term on-the-job training,"166,900",5% (Faster than average),"8,800","12,000","$50,980",3%,"August 27, 2026"
computer-and-information-technology,computer-and-information-research-scientists,https://www.bls.gov/ooh/computer-and-information-technology/computer-and-information-research-scientists.htm,Computer and Information Research Scientists,"$140,300     per year
                                        $67.45     per hour",Master's degree,None,None,"38,600",22% (Much faster than average),"8,400","2,900","$50,980",3%,"August 27, 2026"
healthcare,radiologic-technologists,https://www.bls.gov/ooh/healthcare/radiologic-technologists.htm,Radiologic and MRI Technologists,"$81,390     per year
                                        $39.13     per hour",Associate's degree,See How to Become One,None,"278,100",5% (Faster than average),"15,100","15,300","$50,980",3%,"August 27, 2026"
computer-and-information-technology,computer-support-specialists,https://www.bls.gov/ooh/computer-and-information-technology/computer-support-specialists.htm,Computer Support Specialists,"$62,890     per year
                                        $30.24     per hour",See How to Become One,None,Moderate-term on-the-job training,"903,100",-3% (Decline),"-24,300","48,700","$50,980",3%,"August 27, 2026"
architecture-and-engineering,computer-hardware-engineers,https://www.bls.gov/ooh/architecture-and-engineering/computer-hardware-engineers.htm,Computer Hardware Engineers,"$161,740     per year
                                        $77.76     per hour",Bachelor's degree,None,None,"76,100",9% (Much faster than average),"6,900","4,100","$50,980",3%,"August 27, 2026"
computer-and-information-technology,computer-network-architects,https://www.bls.gov/ooh/computer-and-information-technology/computer-network-architects.htm,Computer Network Architects,"$134,050     per year
                                        $64.45     per hour",Bachelor's degree,5 years or more,None,"181,800",8% (Much faster than average),"14,100","9,600","$50,980",3%,"August 27, 2026"
computer-and-information-technology,information-security-analysts,https://www.bls.gov/ooh/computer-and-information-technology/information-security-analysts.htm,Information Security Analysts,"$129,180     per year
                                        $62.11     per hour",Bachelor's degree,Less than 5 years,None,"192,900",21% (Much faster than average),"40,600","14,100","$50,980",3%,"August 27, 2026"
business-and-financial,training-and-development-specialists,https://www.bls.gov/ooh/business-and-financial/training-and-development-specialists.htm,Training and Development Specialists,"$69,280     per year
                                        $33.31     per hour",Bachelor's degree,Less than 5 years,None,"472,500",11% (Much faster than average),"51,100","46,000","$50,980",3%,"August 27, 2026"
life-physical-and-social-science,conservation-scientists,https://www.bls.gov/ooh/life-physical-and-social-science/conservation-scientists.htm,Conservation Scientists and Foresters,"$73,920     per year
                                        $35.54     per hour",Bachelor's degree,None,None,"40,900",4% (As fast as average),"1,700","3,000","$50,980",3%,"August 27, 2026"
management,construction-managers,https://www.bls.gov/ooh/management/construction-managers.htm,Construction Managers,"$114,990     per year
                                        $55.28     per hour",Bachelor's degree,None,Moderate-term on-the-job training,"609,100",9% (Much faster than average),"55,200","49,700","$50,980",3%,"August 27, 2026"
business-and-financial,cost-estimators,https://www.bls.gov/ooh/business-and-financial/cost-estimators.htm,Cost Estimators,"$78,740     per year
                                        $37.86     per hour",Bachelor's degree,None,Moderate-term on-the-job training,"226,400",-3% (Decline),"-6,900","17,600","$50,980",3%,"August 27, 2026"
management,postsecondary-education-administrators,https://www.bls.gov/ooh/management/postsecondary-education-administrators.htm,Postsecondary Education Administrators,"$104,590     per year
                                        $50.29     per hour",Master's degree,Less than 5 years,None,"231,800",2% (Slower than average),"4,100","14,500","$50,980",3%,"August 27, 2026"
business-and-financial,financial-analysts,https://www.bls.gov/ooh/business-and-financial/financial-analysts.htm,Financial Analysts,"$103,570     per year
                                        $49.79     per hour",Bachelor's degree,None,None,"443,100",7% (Much faster than average),"32,000","29,500","$50,980",3%,"August 27, 2026"
business-and-financial,human-resources-specialists,https://www.bls.gov/ooh/business-and-financial/human-resources-specialists.htm,Human Resources Specialists,"$75,940     per year
                                        $36.51     per hour",Bachelor's degree,None,None,"939,700",6% (Faster than average),"60,100","73,700","$50,980",3%,"August 27, 2026"
community-and-social-service,probation-officers-and-correctional-treatment-specialists,https://www.bls.gov/ooh/community-and-social-service/probation-officers-and-correctional-treatment-specialists.htm,Probation Officers and Correctional Treatment Specialists,"$66,270     per year
                                        $31.86     per hour",Bachelor's degree,None,Moderate-term on-the-job training,"93,700",3% (As fast as average),"2,800","7,900","$50,980",3%,"August 27, 2026"
arts-and-design,floral-designers,https://www.bls.gov/ooh/arts-and-design/floral-designers.htm,Floral Designers,"$37,360     per year
                                        $17.96     per hour",High school diploma or equivalent,None,Moderate-term on-the-job training,"45,200",-6% (Decline),"-2,500","5,200","$50,980",3%,"August 27, 2026"
legal,court-reporters,https://www.bls.gov/ooh/legal/court-reporters.htm,Court Reporters and Simultaneous Captioners,"$72,420     per year
                                        $34.82     per hour",Postsecondary nondegree award,None,Short-term on-the-job training,"19,900",0% (Little or no change),0,"1,800","$50,980",3%,"August 27, 2026"
business-and-financial,credit-counselors,https://www.bls.gov/ooh/business-and-financial/credit-counselors.htm,Credit Counselors,"$52,230     per year
                                        $25.11     per hour",Bachelor's degree,None,Moderate-term on-the-job training,"31,200",3% (As fast as average),"1,000","2,000","$50,980",3%,"August 27, 2026"
life-physical-and-social-science,sociologists,https://www.bls.gov/ooh/life-physical-and-social-science/sociologists.htm,Sociologists,"$106,030     per year
                                        $50.98     per hour",Master's degree,None,None,"2,700",4% (As fast as average),100,200,"$50,980",3%,"August 27, 2026"
life-physical-and-social-science,geological-and-petroleum-technicians,https://www.bls.gov/ooh/life-physical-and-social-science/geological-and-petroleum-technicians.htm,Geological and Hydrologic Technicians,"$57,150     per year
                                        $27.48     per hour",Associate's degree,None,Moderate-term on-the-job training,"10,300",2% (Slower than average),200,"1,400","$50,980",3%,"August 27, 2026"
personal-care-and-service,tour-and-travel-guides,https://www.bls.gov/ooh/personal-care-and-service/tour-and-travel-guides.htm,Tour and Travel Guides,"$38,120     per year
                                        $18.33     per hour",High school diploma or equivalent,None,Moderate-term on-the-job training,"62,200",6% (Faster than average),"3,900","11,900","$50,980",3%,"August 27, 2026"
life-physical-and-social-science,geoscientists,https://www.bls.gov/ooh/life-physical-and-social-science/geoscientists.htm,Geoscientists,"$101,920     per year
                                        $49.00     per hour",Bachelor's degree,None,None,"25,400",5% (Faster than average),"1,300","1,800","$50,980",3%,"August 27, 2026"
media-and-communication,film-and-video-editors-and-camera-operators,https://www.bls.gov/ooh/media-and-communication/film-and-video-editors-and-camera-operators.htm,Film and Video Editors and Camera Operators,"$75,100     per year
                                        $36.10     per hour",Bachelor's degree,None,None,"72,000",3% (As fast as average),"1,900","5,600","$50,980",3%,"August 27, 2026"
education-training-and-library,instructional-coordinators,https://www.bls.gov/ooh/education-training-and-library/instructional-coordinators.htm,Instructional Coordinators,"$77,440     per year
                                        $37.23     per hour",Master's degree,5 years or more,None,"248,700",2% (Slower than average),"4,100","23,100","$50,980",3%,"August 27, 2026"
healthcare,massage-therapists,https://www.bls.gov/ooh/healthcare/massage-therapists.htm,Massage Therapists,"$58,450     per year
                                        $28.10     per hour",Postsecondary nondegree award,None,None,"155,400",15% (Much faster than average),"23,700","20,400","$50,980",3%,"August 27, 2026"
food-preparation-and-serving,food-preparation-workers,https://www.bls.gov/ooh/food-preparation-and-serving/food-preparation-workers.htm,Food Preparation Workers,"$35,320     per year
                                        $16.98     per hour",No formal educational credential,None,Short-term on-the-job training,"908,500",-3% (Decline),"-27,200","135,700",NA,3%,"August 27, 2026"
healthcare,dental-hygienists,https://www.bls.gov/ooh/healthcare/dental-hygienists.htm,Dental Hygienists,"$98,100     per year
                                        $47.16     per hour",Associate's degree,None,None,"225,300",8% (Much faster than average),"17,900","15,000","$50,980",3%,"August 27, 2026"
healthcare,dentists,https://www.bls.gov/ooh/healthcare/dentists.htm,Dentists,"$176,110     per year
                                        $84.67     per hour",Doctoral or professional degree,None,See How to Become One,"161,400",6% (Faster than average),"9,000","4,800","$50,980",3%,"August 27, 2026"
construction-and-extraction,oil-and-gas-workers,https://www.bls.gov/ooh/construction-and-extraction/oil-and-gas-workers.htm,Oil and Gas Workers,"$51,650     per year
                                        $24.83     per hour",No formal educational credential,See How to Become One,See How to Become One,"112,700",2% (Slower than average),"2,400","9,900","$50,980",3%,"August 27, 2026"
business-and-financial,project-management-specialists,https://www.bls.gov/ooh/business-and-financial/project-management-specialists.htm,Project Management Specialists,"$102,320     per year
                                        $49.19     per hour",Bachelor's degree,None,None,"1,094,300",7% (Much faster than average),"73,200","76,500","$50,980",3%,"August 27, 2026"
office-and-administrative-support,desktop-publishers,https://www.bls.gov/ooh/office-and-administrative-support/desktop-publishers.htm,Desktop Publishers,"$55,290     per year
                                        $26.58     per hour",Associate's degree,None,Short-term on-the-job training,"4,600",-14% (Decline),-700,300,"$50,980",3%,"August 27, 2026"
life-physical-and-social-science,psychologists,https://www.bls.gov/ooh/life-physical-and-social-science/psychologists.htm,Psychologists,"$99,110     per year
                                        $47.65     per hour",See How to Become One,None,Internship/residency,"209,400",6% (Faster than average),"11,600","11,300","$50,980",3%,"August 27, 2026"
production,jewelers-and-precious-stone-and-metal-workers,https://www.bls.gov/ooh/production/jewelers-and-precious-stone-and-metal-workers.htm,Jewelers and Precious Stone and Metal Workers,"$52,540     per year
                                        $25.26     per hour",High school diploma or equivalent,None,Long-term on-the-job training,"32,800",-3% (Decline),"-1,100","3,700","$50,980",3%,"August 27, 2026"
computer-and-information-technology,web-developers,https://www.bls.gov/ooh/computer-and-information-technology/web-developers.htm,Web Developers and Digital Designers,"$99,520     per year
                                        $47.85     per hour",Bachelor's degree,None,None,"220,100",5% (Faster than average),"11,300","13,600","$50,980",3%,"August 27, 2026"
management,emergency-management-directors,https://www.bls.gov/ooh/management/emergency-management-directors.htm,Emergency Management Directors,"$93,330     per year
                                        $44.87     per hour",Bachelor's degree,5 years or more,None,"14,000",4% (As fast as average),500,"1,100","$50,980",3%,"August 27, 2026"
management,sales-managers,https://www.bls.gov/ooh/management/sales-managers.htm,Sales Managers,"$148,270     per year
                                        $71.28     per hour",Bachelor's degree,Less than 5 years,None,"650,100",4% (As fast as average),"29,000","47,300","$50,980",3%,"August 27, 2026"
healthcare,optometrists,https://www.bls.gov/ooh/healthcare/optometrists.htm,Optometrists,"$136,570     per year
                                        $65.66     per hour",Doctoral or professional degree,None,None,"45,100",10% (Much faster than average),"4,300","2,000","$50,980",3%,"August 27, 2026"
management,training-and-development-managers,https://www.bls.gov/ooh/management/training-and-development-managers.htm,Training and Development Managers,"$133,000     per year
                                        $63.94     per hour",Bachelor's degree,5 years or more,None,"50,200",6% (Faster than average),"3,200","4,100","$50,980",3%,"August 27, 2026"
education-training-and-library,special-education-teachers,https://www.bls.gov/ooh/education-training-and-library/special-education-teachers.htm,Special Education Teachers,"$67,170     per year",Bachelor's degree,None,None,"584,100",0% (Little or no change),-300,"37,100","$50,980",3%,"August 27, 2026"
education-training-and-library,preschool-teachers,https://www.bls.gov/ooh/education-training-and-library/preschool-teachers.htm,Preschool Teachers,"$38,140     per year
                                        $18.34     per hour",Associate's degree,None,None,"583,200",4% (As fast as average),"26,200","66,700","$50,980",3%,"August 27, 2026"
life-physical-and-social-science,environmental-scientists-and-specialists,https://www.bls.gov/ooh/life-physical-and-social-science/environmental-scientists-and-specialists.htm,Environmental Scientists and Specialists,"$82,220     per year
                                        $39.53     per hour",Bachelor's degree,None,None,"93,400",6% (Faster than average),"5,700","7,300","$50,980",3%,"August 27, 2026"
architecture-and-engineering,industrial-engineers,https://www.bls.gov/ooh/architecture-and-engineering/industrial-engineers.htm,Industrial Engineers,"$102,440     per year
                                        $49.25     per hour",Bachelor's degree,None,None,"365,100",12% (Much faster than average),"45,400","23,100","$50,980",3%,"August 27, 2026"
architecture-and-engineering,electro-mechanical-technicians,https://www.bls.gov/ooh/architecture-and-engineering/electro-mechanical-technicians.htm,Electro-mechanical and Mechatronics Technologists and Technicians,"$73,900     per year
                                        $35.53     per hour",Associate's degree,None,None,"15,700",3% (As fast as average),400,"1,400","$50,980",3%,"August 27, 2026"
architecture-and-engineering,electrical-and-electronics-engineering-technicians,https://www.bls.gov/ooh/architecture-and-engineering/electrical-and-electronics-engineering-technicians.htm,Electrical and Electronic Engineering Technologists and Technicians,"$78,190     per year
                                        $37.59     per hour",Associate's degree,None,None,"96,900",2% (Slower than average),"2,300","8,100","$50,980",3%,"August 27, 2026"
installation-maintenance-and-repair,line-installers-and-repairers,https://www.bls.gov/ooh/installation-maintenance-and-repair/line-installers-and-repairers.htm,Electrical Power-Line Installers and Repairers,"$95,320     per year
                                        $45.83     per hour",High school diploma or equivalent,None,Long-term on-the-job training,"131,900",10% (Much faster than average),"13,600","10,900","$50,980",3%,"August 27, 2026"
personal-care-and-service,skincare-specialists,https://www.bls.gov/ooh/personal-care-and-service/skincare-specialists.htm,Skincare Specialists,"$45,330     per year
                                        $21.79     per hour",Postsecondary nondegree award,None,None,"104,200",9% (Much faster than average),"9,100","14,200",NA,3%,"August 27, 2026"
management,elementary-middle-and-high-school-principals,https://www.bls.gov/ooh/management/elementary-middle-and-high-school-principals.htm,"Elementary, Middle, and High School Principals","$105,870     per year",Master's degree,5 years or more,None,"343,800",0% (Little or no change),"-1,200","20,600","$50,980",3%,"August 27, 2026"
construction-and-extraction,elevator-installers-and-repairers,https://www.bls.gov/ooh/construction-and-extraction/elevator-installers-and-repairers.htm,Elevator and Escalator Installers and Repairers,"$109,910     per year
                                        $52.84     per hour",High school diploma or equivalent,None,Apprenticeship,"24,700",6% (Faster than average),"1,400","1,900","$50,980",3%,"August 27, 2026"
management,human-resources-managers,https://www.bls.gov/ooh/management/human-resources-managers.htm,Human Resources Managers,"$149,280     per year
                                        $71.77     per hour",Bachelor's degree,5 years or more,None,"224,900",6% (Faster than average),"12,500","16,800","$50,980",3%,"August 27, 2026"
business-and-financial,labor-relations-specialists,https://www.bls.gov/ooh/business-and-financial/labor-relations-specialists.htm,Labor Relations Specialists,"$95,420     per year
                                        $45.87     per hour",Bachelor's degree,Less than 5 years,None,"66,300",2% (Slower than average),"1,400","4,800","$50,980",3%,"August 27, 2026"
media-and-communication,public-relations-specialists,https://www.bls.gov/ooh/media-and-communication/public-relations-specialists.htm,Public Relations Specialists,"$74,750     per year
                                        $35.94     per hour",Bachelor's degree,None,None,"314,500",2% (Slower than average),"5,700","23,000","$50,980",3%,"August 27, 2026"
business-and-financial,appraisers-and-assessors-of-real-estate,https://www.bls.gov/ooh/business-and-financial/appraisers-and-assessors-of-real-estate.htm,Property Appraisers and Assessors,"$67,960     per year
                                        $32.67     per hour",Bachelor's degree,None,Long-term on-the-job training,"68,400",3% (As fast as average),"2,400","5,200","$50,980",3%,"August 27, 2026"
building-and-grounds-cleaning,pest-control-workers,https://www.bls.gov/ooh/building-and-grounds-cleaning/pest-control-workers.htm,Pest Control Workers,"$45,250     per year
                                        $21.75     per hour",High school diploma or equivalent,None,Moderate-term on-the-job training,"108,700",6% (Faster than average),"6,000","13,700","$50,980",3%,"August 27, 2026"
personal-care-and-service,manicurists-and-pedicurists,https://www.bls.gov/ooh/personal-care-and-service/manicurists-and-pedicurists.htm,Manicurists and Pedicurists,"$35,760     per year
                                        $17.19     per hour",Postsecondary nondegree award,None,None,"201,800",9% (Much faster than average),"18,600","21,900",NA,3%,"August 27, 2026"
protective-service,firefighters,https://www.bls.gov/ooh/protective-service/firefighters.htm,Firefighters,"$59,280     per year
                                        $28.50     per hour",Postsecondary nondegree award,None,Long-term on-the-job training,"355,300",4% (As fast as average),"13,100","26,800","$50,980",3%,"August 27, 2026"
architecture-and-engineering,health-and-safety-engineers,https://www.bls.gov/ooh/architecture-and-engineering/health-and-safety-engineers.htm,Health and Safety Engineers,"$115,160     per year
                                        $55.36     per hour",Bachelor's degree,None,None,"22,300",5% (Faster than average),"1,200","1,200","$50,980",3%,"August 27, 2026"
construction-and-extraction,plumbers-pipefitters-and-steamfitters,https://www.bls.gov/ooh/construction-and-extraction/plumbers-pipefitters-and-steamfitters.htm,"Plumbers, Pipefitters, and Steamfitters","$63,800     per year
                                        $30.67     per hour",High school diploma or equivalent,None,Apprenticeship,"510,600",7% (Much faster than average),"34,500","42,000","$50,980",3%,"August 27, 2026"
farming-fishing-and-forestry,forest-and-conservation-workers,https://www.bls.gov/ooh/farming-fishing-and-forestry/forest-and-conservation-workers.htm,Forest and Conservation Workers,"$43,680     per year
                                        $21.00     per hour",High school diploma or equivalent,None,Moderate-term on-the-job training,"14,700",-2% (Decline),-200,"2,200","$50,980",3%,"August 27, 2026"
life-physical-and-social-science,historians,https://www.bls.gov/ooh/life-physical-and-social-science/historians.htm,Historians,"$76,750     per year
                                        $36.90     per hour",Master's degree,None,None,"3,800",3% (As fast as average),100,300,"$50,980",3%,"August 27, 2026"
architecture-and-engineering,mining-and-geological-engineers,https://www.bls.gov/ooh/architecture-and-engineering/mining-and-geological-engineers.htm,Mining and Geological Engineers,"$106,220     per year
                                        $51.07     per hour",Bachelor's degree,None,None,"6,200",4% (As fast as average),200,300,"$50,980",3%,"August 27, 2026"
construction-and-extraction,glaziers,https://www.bls.gov/ooh/construction-and-extraction/glaziers.htm,Glaziers,"$57,080     per year
                                        $27.44     per hour",High school diploma or equivalent,None,Apprenticeship,"59,200",2% (Slower than average),"1,100","3,900","$50,980",3%,"August 27, 2026"
architecture-and-engineering,landscape-architects,https://www.bls.gov/ooh/architecture-and-engineering/landscape-architects.htm,Landscape Architects,"$79,870     per year
                                        $38.40     per hour",Bachelor's degree,None,Internship/residency,"23,500",4% (As fast as average),"1,000","1,700","$50,980",3%,"August 27, 2026"
life-physical-and-social-science,political-scientists,https://www.bls.gov/ooh/life-physical-and-social-science/political-scientists.htm,Political Scientists,"$142,080     per year
                                        $68.31     per hour",Master's degree,None,None,"6,100",-2% (Decline),-100,400,"$50,980",3%,"August 27, 2026"
arts-and-design,graphic-designers,https://www.bls.gov/ooh/arts-and-design/graphic-designers.htm,Graphic Designers,"$62,960     per year
                                        $30.27     per hour",Bachelor's degree,None,None,"253,100",-2% (Decline),"-4,200","16,000","$50,980",3%,"August 27, 2026"
architecture-and-engineering,mechanical-engineering-technicians,https://www.bls.gov/ooh/architecture-and-engineering/mechanical-engineering-technicians.htm,Mechanical Engineering Technologists and Technicians,"$74,510     per year
                                        $35.82     per hour",Associate's degree,None,None,"36,900",1% (Slower than average),500,"3,100","$50,980",3%,"August 27, 2026"
healthcare,medical-records-and-health-information-technicians,https://www.bls.gov/ooh/healthcare/medical-records-and-health-information-technicians.htm,Medical Records Specialists,"$51,140     per year
                                        $24.59     per hour",Postsecondary nondegree award,None,None,"200,700",8% (Much faster than average),"15,600","14,000","$50,980",3%,"August 27, 2026"
sales,insurance-sales-agents,https://www.bls.gov/ooh/sales/insurance-sales-agents.htm,Insurance Sales Agents,"$62,280     per year
                                        $29.94     per hour",High school diploma or equivalent,None,Moderate-term on-the-job training,"572,600",3% (As fast as average),"18,800","43,100","$50,980",3%,"August 27, 2026"
education-training-and-library,high-school-teachers,https://www.bls.gov/ooh/education-training-and-library/high-school-teachers.htm,High School Teachers,"$72,040     per year",Bachelor's degree,None,None,"1,087,500",0% (Little or no change),"-2,500","63,500","$50,980",3%,"August 27, 2026"
production,power-plant-operators-distributors-and-dispatchers,https://www.bls.gov/ooh/production/power-plant-operators-distributors-and-dispatchers.htm,"Power Plant Operators, Distributors, and Dispatchers","$105,080     per year
                                        $50.52     per hour",High school diploma or equivalent,None,Long-term on-the-job training,"43,700",-4% (Decline),"-1,700","3,400","$50,980",3%,"August 27, 2026"
life-physical-and-social-science,hydrologists,https://www.bls.gov/ooh/life-physical-and-social-science/hydrologists.htm,Hydrologists,"$96,600     per year
                                        $46.44     per hour",Bachelor's degree,None,None,"6,300",1% (Slower than average),100,400,"$50,980",3%,"August 27, 2026"
architecture-and-engineering,industrial-engineering-technicians,https://www.bls.gov/ooh/architecture-and-engineering/industrial-engineering-technicians.htm,Industrial Engineering Technologists and Technicians,"$66,120     per year
                                        $31.79     per hour",Associate's degree,None,None,"76,700",3% (As fast as average),"2,400","6,600","$50,980",3%,"August 27, 2026"
management,industrial-production-managers,https://www.bls.gov/ooh/management/industrial-production-managers.htm,Industrial Production Managers,"$126,060     per year
                                        $60.61     per hour",Bachelor's degree,5 years or more,None,"252,100",3% (As fast as average),"6,500","17,000","$50,980",3%,"August 27, 2026"
production,water-and-wastewater-treatment-plant-and-system-operators,https://www.bls.gov/ooh/production/water-and-wastewater-treatment-plant-and-system-operators.htm,Water and Wastewater Treatment Plant and System Operators,"$60,020     per year
                                        $28.86     per hour",High school diploma or equivalent,None,Long-term on-the-job training,"131,000",-6% (Decline),"-7,500","10,000","$50,980",3%,"August 27, 2026"
education-training-and-library,middle-school-teachers,https://www.bls.gov/ooh/education-training-and-library/middle-school-teachers.htm,Middle School Teachers,"$64,370     per year",Bachelor's degree,None,None,"630,100",0% (Little or no change),"-2,600","38,800","$50,980",3%,"August 27, 2026"
healthcare,veterinary-assistants-and-laboratory-animal-caretakers,https://www.bls.gov/ooh/healthcare/veterinary-assistants-and-laboratory-animal-caretakers.htm,Veterinary Assistants and Laboratory Animal Caretakers,"$38,150     per year
                                        $18.34     per hour",High school diploma or equivalent,None,Short-term on-the-job training,"132,100",9% (Much faster than average),"12,000","23,200","$50,980",3%,"August 27, 2026"
computer-and-information-technology,network-and-computer-systems-administrators,https://www.bls.gov/ooh/computer-and-information-technology/network-and-computer-systems-administrators.htm,Network and Computer Systems Administrators,"$99,130     per year
                                        $47.66     per hour",Bachelor's degree,None,None,"323,600",-4% (Decline),"-13,200","13,400","$50,980",3%,"August 27, 2026"
healthcare,speech-language-pathologists,https://www.bls.gov/ooh/healthcare/speech-language-pathologists.htm,Speech-Language Pathologists,"$97,870     per year
                                        $47.05     per hour",Master's degree,None,Internship/residency,"193,400",17% (Much faster than average),"32,100","12,500","$50,980",3%,"August 27, 2026"
healthcare,licensed-practical-and-licensed-vocational-nurses,https://www.bls.gov/ooh/healthcare/licensed-practical-and-licensed-vocational-nurses.htm,Licensed Practical and Licensed Vocational Nurses,"$64,400     per year
                                        $30.96     per hour",Postsecondary nondegree award,None,None,"666,900",3% (As fast as average),"19,700","51,800","$50,980",3%,"August 27, 2026"
business-and-financial,logisticians,https://www.bls.gov/ooh/business-and-financial/logisticians.htm,Logisticians,"$82,320     per year
                                        $39.58     per hour",Bachelor's degree,None,None,"255,100",18% (Much faster than average),"44,900","26,600","$50,980",3%,"August 27, 2026"
architecture-and-engineering,marine-engineers-and-naval-architects,https://www.bls.gov/ooh/architecture-and-engineering/marine-engineers-and-naval-architects.htm,Marine Engineers and Naval Architects,"$112,230     per year
                                        $53.96     per hour",Bachelor's degree,None,None,"8,400",7% (Much faster than average),600,500,"$50,980",3%,"August 27, 2026"
military,military-careers,https://www.bls.gov/ooh/military/military-careers.htm,Military Careers,NA,NA,NA,NA,NA,NA,NA,NA,NA,NA,"August 27, 2026"
architecture-and-engineering,petroleum-engineers,https://www.bls.gov/ooh/architecture-and-engineering/petroleum-engineers.htm,Petroleum Engineers,"$144,910     per year
                                        $69.67     per hour",Bachelor's degree,None,None,"18,500",2% (Slower than average),400,"1,000","$50,980",3%,"August 27, 2026"
life-physical-and-social-science,nuclear-technicians,https://www.bls.gov/ooh/life-physical-and-social-science/nuclear-technicians.htm,Nuclear Technicians,"$110,240     per year
                                        $53.00     per hour",Associate's degree,None,Moderate-term on-the-job training,"6,700",1% (Slower than average),100,900,"$50,980",3%,"August 27, 2026"
healthcare,occupational-therapists,https://www.bls.gov/ooh/healthcare/occupational-therapists.htm,Occupational Therapists,"$100,330     per year
                                        $48.24     per hour",Master's degree,None,None,"169,600",15% (Much faster than average),"25,200","10,000","$50,980",3%,"August 27, 2026"
math,operations-research-analysts,https://www.bls.gov/ooh/math/operations-research-analysts.htm,Operations Research Analysts,"$88,940     per year
                                        $42.76     per hour",Bachelor's degree,None,None,"113,100",12% (Much faster than average),"13,500","7,500","$50,980",3%,"August 27, 2026"
construction-and-extraction,solar-photovoltaic-installers,https://www.bls.gov/ooh/construction-and-extraction/solar-photovoltaic-installers.htm,Solar Photovoltaic Installers,"$53,140     per year
                                        $25.55     per hour",High school diploma or equivalent,None,Moderate-term on-the-job training,"31,100",37% (Much faster than average),"11,300","4,200","$50,980",3%,"August 27, 2026"
life-physical-and-social-science,survey-researchers,https://www.bls.gov/ooh/life-physical-and-social-science/survey-researchers.htm,Survey Researchers,"$69,460     per year
                                        $33.40     per hour",Master's degree,None,None,"9,800",-5% (Decline),-500,600,"$50,980",3%,"August 27, 2026"
healthcare,radiation-therapists,https://www.bls.gov/ooh/healthcare/radiation-therapists.htm,Radiation Therapists,"$105,310     per year
                                        $50.63     per hour",Associate's degree,None,None,"17,400",3% (As fast as average),500,700,"$50,980",3%,"August 27, 2026"
arts-and-design,set-and-exhibit-designers,https://www.bls.gov/ooh/arts-and-design/set-and-exhibit-designers.htm,Set and Exhibit Designers,"$75,240     per year
                                        $36.17     per hour",Bachelor's degree,None,None,"31,600",1% (Slower than average),500,"2,200","$50,980",3%,"August 27, 2026"
installation-maintenance-and-repair,wind-turbine-technicians,https://www.bls.gov/ooh/installation-maintenance-and-repair/wind-turbine-technicians.htm,Wind Turbine Technicians,"$64,120     per year
                                        $30.83     per hour",Postsecondary nondegree award,None,Long-term on-the-job training,"11,800",30% (Much faster than average),"3,500","1,500","$50,980",3%,"August 27, 2026"
